"scenario_id","A_RMSE","B_RMSE","C_RMSE","D_RMSE","A_Bias","B_Bias","C_Bias","D_Bias","rep"
1,0.0789152207119621,0.0755492460702024,0.0714651601080914,0.0679610652225118,-0.000785271569929194,-0.00105648333321065,-0.00122571608034033,-0.00169969534314057,1
1,0.0874054628294182,0.0838389543599962,0.0836970229005937,0.0790095852397564,-0.0014349902997965,-0.00201162041539229,0.000178189348636651,-0.0010203346696868,2
1,0.0885721967499785,0.0854121114507776,0.0763976872228604,0.0725855739577891,-0.00999813817622229,-0.0100145905834598,-0.00424779144470789,-0.00529218367232645,3
1,0.108610852757612,0.105413934388822,0.0796429856481696,0.0769385921317004,-7.8049564915263e-05,-0.000409023317975252,0.0017860394832131,0.0024581990844071,4
1,0.0770092944380739,0.095838751724314,0.0821125091633162,0.0651198138891474,0.0131262782303848,0.0070614731229033,0.0112625690917291,0.0130361946009659,5
1,0.0765920541209627,0.0729799193716177,0.071893496776692,0.0697530484019075,0.00683573873707059,0.00618770275482746,0.00713545245657627,0.0109439872553568,6
1,0.0839872721143018,0.080933339449175,0.0742162953067293,0.0704107157833542,0.00629785278490234,0.00577247388296631,0.00567080166660897,0.00508123480117947,7
1,0.10345365424004,0.0811162236124984,0.10345365424004,0.0811162236124984,-0.0034138304608472,-0.00188588921751348,-0.0034138304608472,-0.00188588921751348,8
1,0.0789343986857854,0.0751533779387561,0.0733342920708286,0.0814626513513243,0.00938415593127554,0.00875284393327104,0.00610562943648373,0.0192450649688064,9
1,0.0849379304677707,0.0815900664875971,0.084043274466736,0.0792490353502664,-0.00417317881725088,-0.0046074760516708,-0.00375312814693659,-0.00472296479283384,10
1,0.0890333818066111,0.104557675153953,0.0671330991991736,0.0958646044347866,-0.00557536373664107,-0.0115590296712848,-0.000307326171575045,0.0180246938087441,11
1,0.0884084714287362,0.0869013421926091,0.0775227156827478,0.0869013421926091,0.00113806209370996,-0.00492353540942463,0.000920091421362221,-0.00492353540942463,12
1,0.0850959971226876,0.0813937375184103,0.0938332978019833,0.0793264947744723,0.00190975670361138,0.00125497288297347,0.0200518038173686,0.0133170854462919,13
1,0.0831203309698608,0.0803437282333059,0.0898393551803224,0.0739284635202185,-0.00847102702188582,-0.00899024522881128,0.00440967356893855,-0.00869875122371632,14
1,0.112545435925491,0.0739630856989089,0.132918805742053,0.0693127066897733,-0.00466514576985216,-0.00383967502341956,0.0248745499254355,-0.00563917212403097,15
1,0.0806645843498827,0.0778562007582812,0.0769689846961578,0.0736493080787799,0.00191206545754938,0.00149282250178799,0.00523715154846419,0.00490386651683489,16
1,0.101283979139091,0.0907088904510084,0.0957416587419201,0.0894586927035002,-0.0120142217143108,-0.00307996846315461,0.0106415389918675,0.00836473463765553,17
1,0.0723783908219089,0.0687532542272492,0.0815378996147148,0.0629684800881561,0.00481583330711188,0.00425216151406497,0.0156788716814238,0.00433958957812476,18
1,0.0695790314727635,0.0672353484252359,0.064566446052088,0.0617236614086065,-0.00542110894626953,-0.0057489589935156,-0.00460855103279185,-0.005631447108892,19
1,0.0722034103476897,0.0688504502947848,0.0801320683695177,0.0624791813033408,0.0031822350299936,0.00271343509405591,0.0144347847873696,0.00182766979119278,20
1,0.08282611162226,0.0799413378748397,0.0860499220924465,0.0792940414252609,-0.0048482047384942,-0.00534432418875207,0.00306392658047416,0.000547335270446098,21
1,0.0806589157769742,0.0776747996696659,0.0756090986713694,0.0724518250122269,-0.00553919247458272,-0.00599877769416751,-0.00496890650689262,-0.00571483614432277,22
1,0.0806571419830731,0.0770511375975906,0.0728014287011814,0.0685591766420505,0.00221089638507548,0.00176447488835458,0.00287713379151871,0.00176161720347806,23
1,0.081199466041371,0.0781620673821129,0.077094927125286,0.0748103894089197,0.00653622928922489,0.00621309162326424,0.00655488311187669,0.0138061719561863,24
1,0.0896101734797882,0.087414054094355,0.0804414119906363,0.0760614792726577,-0.00846624074537499,-0.00891890932095844,-0.00323112312814478,-0.00451076688438024,25
1,0.098228307502576,0.0893833469885108,0.098228307502576,0.0772796963765993,0.0015352046254423,0.00100807458494202,0.0015352046254423,0.019468334704772,26
1,0.088685585015198,0.0883354349000904,0.0941022213074447,0.0890396678600117,0.00287601064090182,0.00389253765789317,0.0150905592226079,0.0214461396459896,27
1,0.0884809817753256,0.0850389400316219,0.0957468892267962,0.0779060948744678,-0.0024602675471875,-0.00889960321085784,0.0121639056590674,0.00865013259645493,28
1,0.0733207057730828,0.06985671273666,0.0663860168154218,0.0630121752386406,0.00420580041955817,0.00395627300152275,0.00380471454601891,0.00297594962118131,29
1,0.0716499763345387,0.0690551417838778,0.0676035429121588,0.0657488257398192,-0.00252786291591952,-0.00276505821488807,-0.00230874146655526,-0.00218419651019661,30
1,0.0951742972475304,0.0844468388987157,0.0832832604581661,0.078468390677506,-0.00903160613548004,-0.00543873324756353,-0.00426463555469027,-0.00444691202723721,31
1,0.0728957431621039,0.0698335268892732,0.0739602745479441,0.0690096833296287,-0.00611157227011235,-0.00657754014119716,0.00175627531212009,-0.000632583113189531,32
1,0.0803411570798871,0.0770865881175666,0.0768171837675036,0.0759885185019282,-0.00114472642909471,-0.00162429144593373,-0.000741184706851203,0.00233541629258349,33
1,0.0732029056925716,0.0953087728473506,0.0713125467307885,0.0720550809472565,0.00041228340548569,0.000328903755504055,0.00614924264484227,0.00841338684875417,34
1,0.0786197956309709,0.0764112567425126,0.0702809682263999,0.115106750306704,-0.0049718048699085,-0.00515672017229644,-0.0034382023988537,-0.00231013813113343,35
1,0.0906818573626131,0.13064762606179,0.0906818573626131,0.166341788711721,-0.00862972857111969,-0.00721006602773514,-0.00862972857111969,0.0190245664333743,36
1,0.0857097599966838,0.113220982985543,0.071441111844201,0.0683485660439466,-0.00662136121976425,-0.00719533493127797,-0.00427956575869368,-0.00461432371627012,37
1,0.0989586090901111,0.109141623422049,0.073736023308657,0.0738457670383063,-0.0163062398691007,0.00513650374135005,-0.00436200415747458,-0.00463718549506407,38
1,0.0717092829418682,0.0683460630326766,0.0619526519043271,0.0741828987610309,0.00136277362141535,0.00114047943475493,0.000522219343745798,-0.000152331858899354,39
1,0.131571111725902,0.128534459950979,0.0781832063878764,0.07336892106994,-0.0251983225410517,-0.0260864153408091,-0.00083780109970196,-0.00244447749906574,40
1,0.0876512951914715,0.0857882028875071,0.0746176717009448,0.0720098998087482,-0.00851201524173362,-0.0088219909848716,-0.00303363277291268,-0.00463519475057983,41
1,0.101843344544663,0.0834727550910525,0.101843344544663,0.0834727550910525,-0.00491054208197316,-0.00321525447642979,-0.00491054208197316,-0.00321525447642979,42
1,0.11809629074768,0.113925118419155,0.0895340548159008,0.0721745589549285,-0.0196165312249085,-0.0201768196864817,0.0200163199519313,0.00883956178140115,43
1,0.0866960296122059,0.103591749645306,0.0778828437938719,0.0763654868705337,-0.0059722601230825,0.000769402416409635,-0.00177184080692881,-0.00675678188889324,44
1,0.0782788169424991,0.111675276293714,0.0745919756092623,0.0687571741360252,0.00860839454338866,-0.0111857790634255,0.0134768281025854,0.0111841877691106,45
1,0.0825148137034949,0.0792685185220481,0.0852041708605892,0.0784857038096959,-0.000795912882510054,-0.0011587456331478,0.00982728621300051,0.00703734540067428,46
1,0.0846113633134854,0.0807222723797895,0.0782590055423256,0.0740176442613421,0.00574931162781428,0.00522707191783779,0.00769703220769101,0.0062590128722588,47
1,0.078462083233591,0.0744320297277652,0.0748509210852175,0.0703943373094817,-0.000857721323383388,-0.0013976334328034,0.00159795239953121,0.000319949201316114,48
1,0.0750159879706144,0.072052841899867,0.0672632346545754,0.0624659902390494,0.00159419069729144,0.00122230161420645,0.00538685171447044,0.00312480991146911,49
1,0.078999196632148,0.0758230843518522,0.0739845224526233,0.0722357328952589,0.000717800711639779,0.000106829474741521,0.000464842512303174,0.00124957591037902,50
1,0.0718395298512542,0.0687771863283804,0.0627660283356696,0.0758019737932782,-0.00246540560581445,-0.00285514366648032,-0.00202485989802721,0.014509762934976,51
1,0.0854424990802149,0.0826092111251255,0.0797741060196611,0.0858677991284942,-0.00553770653841174,-0.0056913386664107,0.000829977885423214,-0.00512582253279971,52
1,0.079533440931988,0.0765519451157226,0.0761405584812725,0.0778105282192734,0.00524269560152517,0.00473939057468776,0.0073673721025884,0.00864964557645321,53
1,0.0813855836022022,0.0777832834051199,0.0862340931415257,0.0727119431194309,0.00985521581676298,0.0092010780387622,0.0208472652198319,0.00801270701567494,54
1,0.0807933694552535,0.0770286775957547,0.0841889965193619,0.0738764745786792,-0.00188331979551016,-0.00236808370911672,-0.0026553703568145,-0.00351670434369193,55
1,0.0840000347023465,0.110910340433601,0.0936467165854304,0.0846423889775778,0.00347036693961627,-0.00575243488815391,0.0189719476870806,0.0159187039682252,56
1,0.0826797688013471,0.0789298775313037,0.0790095316405667,0.0750780618369194,0.00609090637628655,0.00547208969990564,0.00237913986191349,0.0205525491918176,57
1,0.0795974508736219,0.0773105384838885,0.0754946338294209,0.0757094571737852,-0.00674706693601903,-0.00703736464446696,-0.00329857696220052,0.00133587077875436,58
1,0.084537608586358,0.0814341284235847,0.0798560193010332,0.0761456382008086,0.0012175438078686,0.000915018446200761,0.00161187308120098,0.000913370358813474,59
1,0.116687883279009,0.0782133334348266,0.0915730606295135,0.0719716045630435,-0.008013447793407,0.0021161021156575,0.00291339168177127,0.00157997170041323,60
1,0.0788303489525757,0.0756269520896189,0.0750496632362127,0.0697614191142276,0.00254934876421074,0.00214681566173556,-0.00182136171568343,0.00271797086115688,61
1,0.0808751587982114,0.0773649627669632,0.0769847125889843,0.0729533862420982,-0.000515393299829988,-0.000858146467384113,0.00144591599110419,0.000521414729791964,62
1,0.0900868736886248,0.087004844132682,0.0802969911311344,0.0807138339585381,0.00162904523831829,0.00115288740685336,0.00149591664926157,0.00139174606983158,63
1,0.0807927453947985,0.124505319810651,0.0776924523292171,0.0715612226923071,-0.000906922588897574,-0.0218865102304494,0.000589619347158675,-0.00104555612331537,64
1,0.0819486674874846,0.0782745666551666,0.0874290756308187,0.0728238359003043,0.00528426041180983,0.00498591198073592,0.0120444327017784,0.00440952419324256,65
1,0.0766708296068997,0.0732467541700181,0.170703418633423,0.0673046307814941,-0.00427114326353976,-0.00486577451152238,0.0703344478775892,-0.00720382708167229,66
1,0.100669740041264,0.0973752797526377,0.0876253472473877,0.0882480482001863,-0.00981418226466044,-0.0103023303016377,0.00225113318875341,0.0135862350248344,67
1,0.0844036319627797,0.110485590062374,0.0707852612342154,0.0730117032356742,-0.00268335943432651,0.00622907913629343,-0.000878973229630708,-0.00271011617083674,68
1,0.0807479840012766,0.0767241515341492,0.0660992435314546,0.085567140129601,-0.002352616401284,-0.00110659203904787,-0.00050093724353866,0.0189366158317133,69
1,0.074004621708362,0.0714250961666694,0.0713798598420283,0.0697204746797981,0.00155801836750697,0.00116620315503422,0.00278255968605593,0.00366313168550406,70
1,0.0776186055296271,0.0907501183262409,0.0657242284316747,0.0759434310606786,-0.00838498498358187,-0.0104805259643215,-0.0046273449183011,0.0139439643625821,71
1,0.0758503212444075,0.072867484165316,0.0692462040401639,0.118422369454201,0.00251897134000693,0.0019957084629318,0.00233731307791011,0.0410254868087757,72
1,0.0822955769740865,0.0790913465308954,0.0771479848340114,0.0733762840242472,0.0025067664561618,0.00195147791039736,0.00561067317095482,0.00397248953620492,73
1,0.0856807181831033,0.0948176869625039,0.0742074787896327,0.0948176869625039,-0.00410524716609268,-0.0063691216279276,-0.00200537850724845,-0.0063691216279276,74
1,0.0799270495171264,0.0773351320890686,0.0731840147731747,0.0705984898514602,-0.00174583366100984,-0.00211746496940696,-0.00104276616840702,-0.00153162509369076,75
1,0.0899740690923638,0.0870695749676274,0.0847248695780266,0.0814654060440966,-0.00758596566274682,-0.00824964472086414,-0.0071619919282331,-0.00824188836483031,76
1,0.0798081003516359,0.086495651831328,0.0680796428052317,0.0819376493991097,-0.00320824354509212,-0.00687822646978142,-0.00348783088321033,-0.00655309752290399,77
1,0.0793054602704668,0.0770098511341329,0.0974281595620467,0.0696885817622936,-0.00456487369785077,-0.00518090169841972,0.0198708406739845,0.00679484071172268,78
1,0.0892663051123775,0.0790968056881679,0.0758574177556934,0.0848929322206943,0.00583535783975437,0.0031940885631929,0.00125065578613322,0.0108241819158888,79
1,0.082775040699926,0.0808499515324928,0.082775040699926,0.0808499515324928,-0.00788987575082879,-0.00830017862762685,-0.00788987575082879,-0.00830017862762685,80
1,0.0781127323833861,0.0756105075821905,0.0681832803319133,0.154480092108909,-9.26905572961664e-05,-0.000136684148985646,0.00290252137778409,0.00602163448030208,81
1,0.0913369815523881,0.0886141757633287,0.0908478306504774,0.0699530626127583,0.00637746288303434,0.00596259234416795,0.0211560071098609,0.0170668316536009,82
1,0.0680788684156885,0.0656934195494696,0.062965272085989,0.0652308292812013,0.00250980095624034,0.00218367148804467,0.00258709515642435,0.00952893453219577,83
1,0.0792360885747162,0.0754940840319087,0.0861768428656748,0.28883383161954,0.0084300228329451,0.00788153880243366,0.0224571504397178,0.099936611378513,84
1,0.0869270239803031,0.0843481586709269,0.0795384004639151,0.0797396041906979,-0.0118019132876684,-0.0125040943174042,-0.0121996262750348,-0.0131233342837575,85
1,0.0857608274602804,0.0819614335205315,0.0755266889123994,0.0770724233690945,-0.00472229085304085,-0.00535707932792616,-0.00502640836022378,-0.00813166392916703,86
1,0.0763719717792294,0.0735940715633637,0.0693858993082222,0.0667986560602655,0.00258879376152092,0.00217265686149505,0.00128756666684511,0.00162742978433759,87
1,0.0818834457623692,0.0782491693960342,0.0898410843582283,0.21095943773427,0.00303020140226894,0.00239853783190313,0.0158646004396651,0.0858793475458485,88
1,0.079802130378079,0.0763502037584265,0.0777328348764178,0.0765228753233435,0.00794393004867757,0.00765552910065932,0.0145465972405816,0.0153323404719238,89
1,0.0765150046406993,0.074102928160395,0.0699429338542593,0.0682000553219805,0.00574494836063609,0.00527464624630177,0.00475672577194488,0.00519716039836375,90
1,0.0752123425356647,0.0721160364809317,0.0731023679171568,0.0867473246310854,0.00127025944849764,0.000935457170508511,0.00317013067348417,0.00932704214214463,91
1,0.0797179576245145,0.0765196507350068,0.0685757957395964,0.0659398165991626,0.00651643961130343,0.00604865785789519,0.00493648665156076,0.00458100992085394,92
1,0.0787576803952085,0.0877428472078124,0.0725421507112095,0.0744490202561234,0.00572316004832576,-0.00134297561983718,0.00221768840495971,0.013323669305921,93
1,0.119943771263703,0.0771339007315769,0.0818605851437977,0.179257630898089,0.00210486438743746,0.00777995728465319,0.00774016154059214,0.0131941448542821,94
1,0.104601580017999,0.104109673306926,0.0689055711863956,0.0663950553926972,-0.00509905140937834,-0.016945670396708,-0.00718883117998182,-0.00681441597257904,95
1,0.0834507497114044,0.079768138638697,0.0775939429434644,0.0734671639400301,0.00562345515856516,0.00518068031098611,0.00455463575573175,0.00389122773700114,96
1,0.0779911572342965,0.0753705993038467,0.0841402628740015,0.0660375833382443,-0.0020932658114286,-0.00253523130786026,-0.00413886325359029,0.000959688318449765,97
1,0.0756927644253603,0.0730657507239773,0.0721806350806781,0.0722092818490315,-9.01401047928184e-05,-0.00045535803436615,0.00314703395344474,0.00161214633872289,98
1,0.108356709640921,0.0988663768261222,0.0854878652637811,0.0672447295269704,-0.0159298065101246,-0.0142314862066642,-0.00747889833219722,-0.00552737222170979,99
1,0.0746131749517242,0.0718290251121527,0.0738535193694433,0.071583910538143,-0.00181780374674221,-0.00219261147918214,0.00053019220805837,0.000133698715185233,100
2,0.0770014767008537,0.0812686122401127,0.0770014767008537,0.0812686122401127,-0.00949298992347902,-0.00910570142251863,-0.00949298992347902,-0.00910570142251863,1
2,0.0744544856415593,0.0705234304637858,0.049186032675786,0.049316089737233,-0.000707259640089051,-0.00228783620067318,0.00473996428124953,0.00253814671423629,2
2,0.0646309560393135,0.0654546521078658,0.0646309560393135,0.0455787879633981,-0.00140953016208217,-0.00163959989247679,-0.00140953016208217,-0.000139318677608204,3
2,0.0789916591706975,0.0764744629706872,0.0670816313348375,0.0764744629706872,-0.00741281263423951,-0.00759072401493374,-0.00254355389314119,-0.00759072401493374,4
2,0.0680232523139784,0.0670212382646704,0.0445889000834431,0.0670212382646704,0.00311497132946423,0.00292552920572693,0.00846953213076108,0.00292552920572693,5
2,0.0650208151862591,0.0783740315796146,0.0650208151862591,0.0630380683552876,-0.00290714659125553,-0.00345844631610914,-0.00290714659125553,-0.002498425378654,6
2,0.0702993989623056,0.0703423690258952,0.0702993989623056,0.0516978891047035,-0.000886822618412403,-0.00112703907514736,-0.000886822618412403,0.00189465139172821,7
2,0.0672859654143338,0.065871847607181,0.0672859654143338,0.065871847607181,-0.00110769101482932,-0.00130271551455493,-0.00110769101482932,-0.00130271551455493,8
2,0.0572830492299034,0.0572789562168751,0.0494639206059412,0.0480740083141998,-0.00191598883559321,-0.00234852003328544,-0.00118348274915126,-0.00209570624698168,9
2,0.0800747913388647,0.0859560511296759,0.0800747913388647,0.0859560511296759,-0.00948483629128601,-0.00532223693919183,-0.00948483629128601,-0.00532223693919183,10
2,0.069797171169029,0.0703593382429988,0.069797171169029,0.0703593382429988,-0.00169567826149827,-0.00221141552542398,-0.00169567826149827,-0.00221141552542398,11
2,0.0653994643968065,0.075135626434914,0.0653994643968065,0.075135626434914,-0.00211271402116918,0.000568264900653618,-0.00211271402116918,0.000568264900653618,12
2,0.0690246756084674,0.0678950666005629,0.0690246756084674,0.0678950666005629,0.00156393448057894,0.00137957244231021,0.00156393448057894,0.00137957244231021,13
2,0.0707950205498858,0.069774249348285,0.052212034943659,0.069774249348285,0.00134776857922665,0.0011795144716333,0.00611385019996037,0.0011795144716333,14
2,0.0776343941050051,0.0794350059263505,0.0562518912301691,0.0794350059263505,0.000592077354559841,-0.00420603254468211,-0.000865602454804267,-0.00420603254468211,15
2,0.0634316117546878,0.0626855358582477,0.0634316117546878,0.0626855358582477,-0.00131340518781746,-0.00150887138123697,-0.00131340518781746,-0.00150887138123697,16
2,0.0671158502185762,0.0666374840179279,0.0496790490021611,0.0481416441143953,-0.00363609281639789,-0.00377808344732112,-0.00200002393810758,-0.00230354164612942,17
2,0.0712305319481609,0.0720311743973602,0.0712305319481609,0.0444468990573307,-0.00636263695903471,-0.00748191251067875,-0.00636263695903471,-0.00594788217350085,18
2,0.0676426192007406,0.06342252403334,0.0676426192007406,0.0462425409118482,-9.61964324315085e-05,-0.00150277849917815,-9.61964324315085e-05,0.000685312962669107,19
2,0.068747818231666,0.0768288165730807,0.068747818231666,0.0380188090522241,-0.00187629085762749,-0.00303448751890939,-0.00187629085762749,0.00213041779524847,20
2,0.0657890477072462,0.0678418625466142,0.0509958043545338,0.0473180120326702,-0.00123057807591198,-0.00165485971825607,0.00224302812958237,-0.000560913345576308,21
2,0.0758944938470874,0.0750015740163982,0.0758944938470874,0.0750015740163982,-0.000750459104687059,-0.00108548823551466,-0.000750459104687059,-0.00108548823551466,22
2,0.0685720137351539,0.0653243090732422,0.0685720137351539,0.0653243090732422,-0.00462885304528139,-0.00471481019517001,-0.00462885304528139,-0.00471481019517001,23
2,0.06912740698716,0.0627148644191841,0.0515538982997396,0.0497061210583818,-0.00155950952917089,-0.00126370459938179,-0.00048806838271256,-0.00108809649425741,24
2,0.0852007976217597,0.0837617143599714,0.0480261201802405,0.0473010563812752,-0.00309633171466057,-0.00329761046831067,0.000759194595956905,-0.00199125523990351,25
2,0.0694241038666811,0.0808435230003693,0.0694241038666811,0.0535505006681232,-0.00460541413561691,-0.00553958667528095,-0.00460541413561691,-0.00348265189859646,26
2,0.0719752525038978,0.0764671388472188,0.0477125595038853,0.0885428525773871,0.00051936151759133,0.00190402396250335,0.000220751993360717,0.0138437829563952,27
2,0.0761788004887493,0.0747200405516198,0.0761788004887493,0.0471867897054044,0.000782573004277426,0.000480823532858631,0.000782573004277426,0.000133344742810847,28
2,0.0747184554490645,0.0634726766394317,0.0747184554490645,0.0634726766394317,-0.00509426193092574,-0.00301078590943103,-0.00509426193092574,-0.00301078590943103,29
2,0.0566938615446886,0.0546651460864464,0.0486027158412402,0.0462872667268636,-0.00155465442003676,-0.00181309907671926,-0.00125735934009674,-0.00180790507094977,30
2,0.0708399741583997,0.0745761631289101,0.0539496031265757,0.0745761631289101,-0.00641813151609039,-0.00682267928430832,-0.00439259420914356,-0.00682267928430832,31
2,0.0727319180872958,0.0715455881806642,0.0727319180872958,0.049905829677455,-0.00545548392382478,-0.00574331987094547,-0.00545548392382478,-0.00298155206326916,32
2,0.0660338019257906,0.064680633334277,0.0471146267625594,0.064680633334277,5.86321011426494e-05,-0.000130112334239577,0.00627245848596175,-0.000130112334239577,33
2,0.0803185092791749,0.0798112065734917,0.0803185092791749,0.0798112065734917,-0.00302336892289035,-0.00179956528937322,-0.00302336892289035,-0.00179956528937322,34
2,0.0690229075561142,0.06765862857553,0.0690229075561142,0.06765862857553,-0.00858192002157483,-0.00876040220681367,-0.00858192002157483,-0.00876040220681367,35
2,0.0711974627833128,0.0700582762361786,0.0711974627833128,0.0700582762361786,-0.00488087693527268,-0.00511707978970268,-0.00488087693527268,-0.00511707978970268,36
2,0.0833839852061256,0.0836546347422696,0.0513552046029799,0.0490580852278437,0.00102231847443521,0.000571222768967074,0.00360209221053122,0.00275753277823404,37
2,0.0660882401775348,0.0654066943834172,0.0547882379483672,0.0504190748243939,-0.00231550204629353,-0.00278391728190811,-0.00171010400230787,-0.00170935588176862,38
2,0.0719373431580456,0.0715443971996067,0.053701269629202,0.0523808565677599,-0.00105977814516832,-0.0015386837113747,-0.00112442922906506,-0.00157839714876304,39
2,0.0701720155675586,0.0735597669947055,0.0701720155675586,0.0537739990568403,0.00467730837768842,0.00486570563910845,0.00467730837768842,0.00576501882649511,40
2,0.0639630539466193,0.0632203924107926,0.0639630539466193,0.150980464092011,-0.00342233867736258,-0.00360855235596195,-0.00342233867736258,0.0461569027380328,41
2,0.0758830771317336,0.0825497946314091,0.0758830771317336,0.0825497946314091,-0.00898150987726409,-0.0105861981159481,-0.00898150987726409,-0.0105861981159481,42
2,0.0776021893460156,0.082473585812545,0.0776021893460156,0.0426773959291309,-0.00538179765080124,-0.00674899440303002,-0.00538179765080124,0.000619894213926619,43
2,0.0695774018371524,0.0683045871545049,0.0695774018371524,0.0683045871545049,0.00125869139862873,0.00109396002940749,0.00125869139862873,0.00109396002940749,44
2,0.0671194642584548,0.0660941712250016,0.0671194642584548,0.0660941712250016,-0.000626346611538048,-0.000781520887991651,-0.000626346611538048,-0.000781520887991651,45
2,0.0697386245497893,0.0686176354417255,0.0697386245497893,0.0686176354417255,0.00124170484974038,0.00108979734830689,0.00124170484974038,0.00108979734830689,46
2,0.0716745135359202,0.0712857346832737,0.0503446150813223,0.0712857346832737,-0.00401003711290428,-0.00367108869073055,-0.00151191874402205,-0.00367108869073055,47
2,0.0664269650944534,0.0819189482946085,0.0664269650944534,0.0819189482946085,-0.00302369712878193,-0.00409302726809912,-0.00302369712878193,-0.00409302726809912,48
2,0.0713458796788703,0.0751485924415599,0.0713458796788703,0.0751485924415599,-0.00235902022046566,-0.00140403979451134,-0.00235902022046566,-0.00140403979451134,49
2,0.0703715262847229,0.0678885668699908,0.0703715262847229,0.0678885668699908,0.000955451046411985,-0.000154523549690139,0.000955451046411985,-0.000154523549690139,50
2,0.0979778693277238,0.0971541643617067,0.0584047789009849,0.0535328606973213,-0.00689862376430025,-0.0105819377089979,-0.00704165159174596,-0.00724902539642583,51
2,0.0783983893581403,0.0670917246582989,0.0476992798461949,0.0491633515224876,-0.00357054484810905,-0.00358511556067401,0.00336517353256849,-0.00114563786155104,52
2,0.0770689983268457,0.0737919183331942,0.0770689983268457,0.0517914747781517,-0.00913953973966233,-0.00896214017629533,-0.00913953973966233,-0.00564103218392163,53
2,0.0748989590456305,0.0746704661167437,0.0748989590456305,0.0746704661167437,-0.00076460604570887,-0.00100034793405058,-0.00076460604570887,-0.00100034793405058,54
2,0.0732461114113548,0.081152088607439,0.0541151312649649,0.0427771693847878,0.00836195698973257,-0.00103840712288133,0.00456749521434285,0.00575361836152801,55
2,0.0716637251949045,0.0688217849950755,0.0523288684485605,0.0688217849950755,-0.00138251942401796,-0.00144017714005154,0.00128602899289146,-0.00144017714005154,56
2,0.0760876787737017,0.0751749501908926,0.0760876787737017,0.0614962285511961,-0.00963936049784752,-0.00969975452245877,-0.00963936049784752,-0.00731076230548238,57
2,0.0727238845815128,0.0709263224060635,0.0507804636307838,0.0709263224060635,-0.00512897543624266,-0.00509858392126382,-0.000347583623950305,-0.00509858392126382,58
2,0.0787120131569289,0.073977044016728,0.0787120131569289,0.073977044016728,0.00332128609107548,0.000976012660410994,0.00332128609107548,0.000976012660410994,59
2,0.0717827453315892,0.0660865794668644,0.0506273333677283,0.0492999010930959,-0.00387596357747561,-0.00350668549120443,-0.00215107393467257,-0.00240049304877095,60
2,0.0702577490290643,0.069196805113153,0.062169144182114,0.0481336131956894,-0.000388771656370804,-0.000581409254896473,0.00673463042696714,0.000987499854807631,61
2,0.0739651832607097,0.221311448926665,0.0577107652379551,0.0421513698319961,-0.00188446150686718,0.0356157402424702,-0.000740708889142862,0.000853625475470453,62
2,0.0689465143397511,0.0688952457969004,0.0532931820504986,0.0518468109156415,-0.00211470975529659,-0.00227999640252202,-0.00165048547690796,0.0027323190955003,63
2,0.0699344350050295,0.05908170217863,0.0699344350050295,0.05908170217863,0.00190159436455981,0.000593326363547272,0.00190159436455981,0.000593326363547272,64
2,0.0662217859457573,0.0649916681898519,0.0662217859457573,0.0454218068385067,-0.00353877322021232,-0.0037740231747707,-0.00353877322021232,-0.00132413984771974,65
2,0.0713130246757895,0.0706596072227896,0.0572381218509031,0.0541005775126323,-0.00182744877533785,-0.00208165785122084,0.00051343453282462,0.000196680378541339,66
2,0.0778875583805767,0.0713062716453954,0.0778875583805767,0.0713062716453954,0.0019722488820879,-0.00112736906808214,0.0019722488820879,-0.00112736906808214,67
2,0.0818800578020956,0.0691340777824993,0.0818800578020956,0.0802906823362627,-0.000720819270588155,-0.00492482747618599,-0.000720819270588155,0.00532577473775659,68
2,0.0717369728830671,0.0704569477307526,0.0620135524513173,0.0498267327469598,-0.00331738090461976,-0.00364746658412002,0.00887704289372416,0.00226845250157174,69
2,0.0793191920326515,0.075314044344638,0.0793191920326515,0.0488195615616336,-0.00338392755772168,0.000978807371493744,-0.00338392755772168,-0.00231744966995904,70
2,0.0655015987154272,0.070123688894387,0.0483895205587764,0.070123688894387,-0.00493878521777453,-0.00532155541366775,-0.00270915394257358,-0.00532155541366775,71
2,0.0699725911191991,0.0690616549694599,0.0699725911191991,0.0690616549694599,0.000738595129851775,0.000595756972986827,0.000738595129851775,0.000595756972986827,72
2,0.0713556685256976,0.0708442696654394,0.0713556685256976,0.0504816749824419,-0.00205184481699477,-0.00225602097764517,-0.00205184481699477,-0.00161582265317516,73
2,0.0712316555420256,0.0707378290835369,0.0712316555420256,0.0707378290835369,-0.00521366709837682,-0.00540001626076852,-0.00521366709837682,-0.00540001626076852,74
2,0.0644673475063665,0.063676656369262,0.060219454177412,0.0509330322372108,-0.000183379573576191,-0.000485648958369342,-0.000383381578506392,0.00392169783303829,75
2,0.0743786854281676,0.0637669199650606,0.0539866629980756,0.0637669199650606,-0.0011677961518836,-0.000741874430150425,0.00140273534002823,-0.000741874430150425,76
2,0.0733771273398065,0.0782810189415687,0.0733771273398065,0.0574200969181214,-0.00361075511783691,-0.00408660488147553,-0.00361075511783691,-0.00310162227999945,77
2,0.0695225607833327,0.0731454921871531,0.0545586462141983,0.0509504723874435,-0.002619108612047,-0.0030121771394821,-0.00129704513499671,-0.00120325079289256,78
2,0.0730881070324306,0.0706181451021725,0.0530085352022302,0.0706181451021725,-0.00751783865401387,-0.00778106983851912,-0.00481816076560962,-0.00778106983851912,79
2,0.0820717825996477,0.0662309646034939,0.0561919668212523,0.0531234153828401,0.00222669670086748,-0.00635552377547756,-0.00295973686016345,-0.00356033694767746,80
2,0.07982129692072,0.0736988103421625,0.07982129692072,0.0515263282195462,-0.00550660794100589,-0.00480643676524703,-0.00550660794100589,-0.0028933931656758,81
2,0.0770150003179627,0.0755235779718766,0.0770150003179627,0.0755235779718766,-0.00709577531249955,-0.00732919914808395,-0.00709577531249955,-0.00732919914808395,82
2,0.0671440358269803,0.0659744647920446,0.0671440358269803,0.0659744647920446,0.00132130001815084,0.00112010005765949,0.00132130001815084,0.00112010005765949,83
2,0.0735455064808918,0.0835621336161161,0.0520753180043154,0.0509158055345632,-0.000556556722806016,-0.00653403000151216,0.0018224566581964,0.00104195696842518,84
2,0.0707149242599343,0.0741614266731802,0.0707149242599343,0.0741614266731802,-0.0045717168228051,-0.00432571588295544,-0.0045717168228051,-0.00432571588295544,85
2,0.059961843242872,0.0588496020089444,0.0474239448335409,0.0564401893790498,-0.00244926683733197,-0.0026885633217665,-0.000240955486498613,0.00370389677812718,86
2,0.0697602985419913,0.0688258158307579,0.0697602985419913,0.0688258158307579,0.00137730260858451,0.00119408008083737,0.00137730260858451,0.00119408008083737,87
2,0.0700236227699969,0.0689361643673894,0.0700236227699969,0.0689361643673894,-0.00140219782599205,-0.00171054058105145,-0.00140219782599205,-0.00171054058105145,88
2,0.062369757681249,0.0699243398808148,0.0458091398654816,0.0699243398808148,-0.00017813155461824,-0.00092192299460197,0.0021519960884406,-0.00092192299460197,89
2,0.0703098740700338,0.078802738181637,0.0703098740700338,0.108820650776042,-0.00815467139986778,-0.00561737438627744,-0.00815467139986778,-0.0280163630185656,90
2,0.0790824136660968,0.0802488124826524,0.0790824136660968,0.0802488124826524,-0.00478819530641668,-0.00499128126143388,-0.00478819530641668,-0.00499128126143388,91
2,0.0749118792388404,0.0791341286108373,0.0749118792388404,0.0791341286108373,0.00494381213238984,0.00422043515637264,0.00494381213238984,0.00422043515637264,92
2,0.0826542415477058,0.0844538744604592,0.0826542415477058,0.0844538744604592,-0.0077334946141885,-0.00493225437133373,-0.0077334946141885,-0.00493225437133373,93
2,0.0693821485802249,0.0733714264995377,0.0693821485802249,0.0484877560983837,-0.0105280043060012,-0.0111427825870581,-0.0105280043060012,-0.00694275514121822,94
2,0.0678994637976806,0.0790960850027044,0.0678994637976806,0.0498079929951059,-0.00285241316540783,-0.000100232803885302,-0.00285241316540783,-0.00192815553576946,95
2,0.0762415169818872,0.0864672979449351,0.0762415169818872,0.0864672979449351,-0.00899963991505608,-0.00840020873445393,-0.00899963991505608,-0.00840020873445393,96
2,0.0649738664498647,0.0643620724935661,0.0649738664498647,0.0643620724935661,-0.00108171834372191,-0.00123833993938469,-0.00108171834372191,-0.00123833993938469,97
2,0.0700827448216994,0.0689609994579176,0.0700827448216994,0.0689609994579176,-7.12019350539769e-05,-0.000252803996562598,-7.12019350539769e-05,-0.000252803996562598,98
2,0.0625878397365395,0.0615229737250938,0.0499850883753892,0.0463406615979282,0.00111494052828462,0.000927526086015508,0.00552367081725433,0.00441288016084956,99
2,0.0535559780650852,0.0518995817266111,0.0485268309213399,0.0468034023528228,-0.00182480837674363,-0.00207762979200541,-0.00254406108674075,-0.0028586853951171,100
3,0.0919395252085209,0.0884297858008424,0.0762570249230752,0.0951841395171668,-0.00286357515904364,-0.00301086502077213,0.0110234454144967,0.00932637238434423,1
3,0.0757664506183017,0.0734666162701257,0.0627097850453927,0.0607194919740418,-0.00182734949944664,-0.00215464588837148,-0.00163830054269033,-0.00151788377232055,2
3,0.093367802620544,0.0902272829323017,0.0785266522690811,0.0705251589775052,0.0116818837290582,0.0113655007227143,0.0119965538843426,0.0157194548079693,3
3,0.104440502860423,0.0947588034637569,0.104440502860423,0.0947588034637569,-0.00321881442853526,-0.00129547872150009,-0.00321881442853526,-0.00129547872150009,4
3,0.0851804461923715,0.0824794145268248,0.0778740728969172,0.0746287930220958,-0.00155623987301492,-0.00182184677272039,-0.00182105066464845,-0.00239346796391523,5
3,0.0861846140156805,0.0825559467377968,0.069750421915857,0.0857465144392034,-0.00836828014360333,-0.00893666299972163,-0.005940611603528,0.000950906003034632,6
3,0.0854332957180851,0.0823467636607826,0.0691490494228619,0.0863281725262749,-0.000224806677788668,-0.000771211501903563,-0.000909604420571046,0.0123155224217222,7
3,0.0935008381759187,0.0901156305178995,0.0834213249091928,0.0760761684725535,0.0036018110204403,0.00270171075663809,0.0102204926725063,0.00445001510456839,8
3,0.0923606979598301,0.0897831531005522,0.0969039854844952,0.087998414039417,-0.00445429865043552,-0.00490431272590585,0.0102161059961891,0.00680868438950393,9
3,0.0898460955850096,0.087462802974598,0.0804438830434089,0.087462802974598,-0.00162567486118992,-0.00191793465793797,0.0065030157048429,-0.00191793465793797,10
3,0.0912369651216972,0.088455534168257,0.0786327660119104,0.0763368031015057,0.0011035640750793,0.000540847947448758,0.00142137341294052,0.00145521188758025,11
3,0.120594015573827,0.115485633379611,0.120594015573827,0.115485633379611,-0.00844948310982087,-0.00822254606651796,-0.00844948310982087,-0.00822254606651796,12
3,0.0902710571989385,0.0863320839152293,0.079730352766935,0.0770081096022683,-0.0058810828814179,-0.00526405554855365,-0.00427015237589679,-0.00508428255362501,13
3,0.0867553992693665,0.083934232720792,0.0779850925138228,0.0735960056687724,-0.00731404660396948,-0.0078148617124274,-0.00646051885954087,-0.00751519970931451,14
3,0.0932224482441526,0.0892696457808927,0.0843311897731915,0.0796065575916153,0.000228841149295754,-0.000635065948483501,0.00021417529114818,-0.00127341613437802,15
3,0.0886784717056083,0.0844653872708848,0.0772523170764805,0.0851096123917451,0.00886484583465959,0.00801477151429062,0.0085381434590805,0.0194230621863227,16
3,0.0989095925746968,0.100672127701682,0.0783381346735722,0.100672127701682,-0.00758811368423212,-0.00869178502405605,-0.00119074290290478,-0.00869178502405605,17
3,0.0974055520859638,0.101097220383758,0.0974055520859638,0.101097220383758,-0.0123049838989839,-0.0134069418658498,-0.0123049838989839,-0.0134069418658498,18
3,0.102923442172561,0.111464704491594,0.102923442172561,0.111464704491594,-0.000967717985013519,-0.00811324434019001,-0.000967717985013519,-0.00811324434019001,19
3,0.086567567293525,0.0841865137134027,0.0756243895968415,0.0731180425920725,0.00238757531099874,0.00199812375649532,0.00169613475686701,0.00334252661940949,20
3,0.126248948504728,0.127097952583345,0.0825759292321548,0.127097952583345,0.0162806202666331,0.0167239684864351,0.0256667018707719,0.0167239684864351,21
3,0.0949856310142425,0.0917643660002472,0.0835071418076977,0.0822405194375475,-0.00741090694090733,-0.00802987615224987,-0.00819678417551711,-0.00671721662337158,22
3,0.0956921244706653,0.092080328296356,0.0989731778535747,0.0913505412615702,-0.0089100313211457,-0.00945031339561401,0.00175414719886238,-0.00163912832252936,23
3,0.0918548296669544,0.0887554186207108,0.0821567234322391,0.0853533644985778,-0.00697548061756892,-0.00734447003306646,-0.00193461499898244,0.00600301177518852,24
3,0.101110099686589,0.0886136785941539,0.101110099686589,0.0886136785941539,-0.0168014776784902,-0.0161815070239182,-0.0168014776784902,-0.0161815070239182,25
3,0.115130777793939,0.115201672862255,0.115130777793939,0.115201672862255,-0.00758732041657154,-0.00941170936560217,-0.00758732041657154,-0.00941170936560217,26
3,0.0945347672174498,0.0923584622061402,0.0945347672174498,0.0923584622061402,0.00660744091874827,0.00633242182134967,0.00660744091874827,0.00633242182134967,27
3,0.0915136758550893,0.0885516734024337,0.07828132542591,0.0886318702888402,0.00280540202994129,0.00216770110072661,0.00072757200040687,0.0143350721599112,28
3,0.073792060472698,0.0719202866999945,0.0889395874080615,0.0582939017280966,-0.00256176046866782,-0.00307640327762021,0.0150168703314826,-0.00228649372193754,29
3,0.0759974645317525,0.0726828541089602,0.0828903462813184,0.070925147011315,-0.00278710929046314,-0.00300572730650694,0.00243001986555228,0.0161039663364942,30
3,0.114860430953161,0.0851428712974586,0.0779612892579469,0.0727252107408152,-0.0200482620706998,-0.00419573601923704,0.00751556392062834,0.00705501512234526,31
3,0.103533096042398,0.10440466370732,0.0800147268649782,0.0753380043079251,0.00235214819177468,0.00150417631813453,0.00489314240698199,0.00359152779819225,32
3,0.0908177886762651,0.0869378950028467,0.0824474311416735,0.0736345970641308,0.00824763917843475,0.00727420537231339,0.00451961074295179,0.00465826811611718,33
3,0.0866967566545504,0.0842441602943717,0.0801506429455517,0.0754504057658078,0.00197298767319278,0.00140747446914121,0.00370961983126487,0.00217598260903697,34
3,0.0803714244273462,0.0770170016656278,0.0700012486767224,0.0725551526237603,0.00182447337394269,0.00141520484039552,0.00183945706628241,0.0213240117220791,35
3,0.0820139434667369,0.0791090259118405,0.0726000484758294,0.112594761571949,-0.0100928585892822,-0.0104639132496127,-0.0105095326020509,0.00234785298396156,36
3,0.0911059035333535,0.087571145600698,0.0780287474757621,0.0758451008983778,0.0011828059331227,0.000594678774780527,-0.000676066767343665,-0.000969601718879978,37
3,0.0826835718397897,0.081240629715421,0.0826835718397897,0.0864970544396007,-7.68044443927073e-05,-0.000325325599639133,-7.68044443927073e-05,0.022537867722592,38
3,0.0812160383272068,0.0778618327109647,0.0885817946665488,0.0813158386369764,0.00619367391258848,0.00547319154018838,0.0206835916044764,0.0167869365896385,39
3,0.116964589376362,0.0911179764170715,0.0760106674056016,0.0867156267772147,-0.0067059412519909,0.00041201274455269,0.00548463075181611,0.0144151577564234,40
3,0.114323065924707,0.112404856267526,0.114323065924707,0.112404856267526,-0.0134323717874352,-0.0141468258933444,-0.0134323717874352,-0.0141468258933444,41
3,0.0904643384482716,0.0938003177403723,0.0904643384482716,0.0938003177403723,-0.0142384300009018,-0.0152218756617735,-0.0142384300009018,-0.0152218756617735,42
3,0.0932702907888987,0.0901529302521313,0.0839367563475725,0.083789855530221,-0.00183945696013576,-0.00242462523099765,-0.00123916611912105,0.0057192437097456,43
3,0.087529427993291,0.0819534198975292,0.087529427993291,0.0819534198975292,0.00348091319866555,0.00462450149970731,0.00348091319866555,0.00462450149970731,44
3,0.0937399907632007,0.0896139488898542,0.0818957930051228,0.0699643437154899,0.00012882956156967,-0.000464901137976905,-0.000685387158999836,-0.00288204933968853,45
3,0.0894294439454544,0.0859601605845846,0.0905864916816911,0.0784973425483698,7.70867212709072e-05,-0.00102503014923824,0.0134914088795637,0.00177861078434281,46
3,0.0908210145716762,0.0872012186827739,0.0797232192322045,0.0747517528571154,0.00436244586309996,0.00376553584647326,0.00452034321510905,0.00320531855461758,47
3,0.0973237133118966,0.0939656759424375,0.0812305494153245,0.077645554719859,0.00501295562794742,0.00445784386300768,0.00390919466811885,0.00319899764394147,48
3,0.0935736136301545,0.0897977863668042,0.0815468710258676,0.0887677344218814,0.00105072041949723,0.000318640551780584,0.00110276829378646,0.0109994116867041,49
3,0.103854672537106,0.101330245708534,0.11535020192741,0.0950359322457636,-0.0109674359654945,-0.0114764634414632,0.0333008027171098,0.0225549178271404,50
3,0.084303070972607,0.0805553169309911,0.0780978721926141,0.0727875957920344,-0.00379955244090693,-0.00442770127197329,-0.00225100096018794,-0.00347362515327926,51
3,0.0881937830609168,0.0845688607408451,0.0755430183797636,0.0712138732861385,0.00499358690737357,0.00411760016517183,0.00359940991628236,0.00266652751830053,52
3,0.0781262672258256,0.0748193759130071,0.0730087525989302,0.0628210991982585,0.000718135006616985,0.000304436790963422,0.000202668307856023,0.00171746304524181,53
3,0.0937487019923613,0.0876856666622697,0.0937487019923613,0.0758310662985419,-0.0119444280895694,-0.00954510835326967,-0.0119444280895694,-0.0121894176239238,54
3,0.336274340629134,0.337144773078908,0.336274340629134,0.131007753693786,0.132348088353292,0.132587598888739,0.132348088353292,0.0227604898281592,55
3,0.0798261822508813,0.0770025466758124,0.0679778547079262,0.0669074937368082,0.00105030700408812,0.000371431550125164,0.000760356987271041,0.0033206366626878,56
3,0.087238801429931,0.0845387002735441,0.0817159632978973,0.0795418964156218,-0.00217786797409529,-0.00265496595026225,0.00364308063112281,0.0018466022447975,57
3,0.0910704351581339,0.0880993317061223,0.0751853257020425,0.0904720167273465,-0.00705657498876296,-0.00724949071423607,-0.00468458670697885,0.00794201379129712,58
3,0.0821991081308747,0.0784655894353678,0.0903187415590916,0.0716135509887757,0.000275480302862294,-0.00012430845963023,0.00511310967915864,0.00115759866329349,59
3,0.0882191237945267,0.0845587366062241,0.0848506105760825,0.0735958986158305,0.0185820294493914,0.0179355792380986,0.0189014168487584,0.0159083293469676,60
3,0.0942261026841972,0.0915214199933192,0.0863750451193088,0.097418731776914,0.00645047371404172,0.00584021710906235,0.0141705012981801,0.0254423881706413,61
3,0.0914730477471418,0.0877532403849326,0.0811467980986997,0.077180769908371,0.00349130206578951,0.00277919226974301,0.00228240179643299,0.00154096550434093,62
3,0.127621297972937,0.132356302991894,0.0775216496597534,0.0887349743755993,-0.0166835051819318,-0.0177700584135651,-0.0120921667034678,0.00221355626528284,63
3,0.0906684809149299,0.0863140309968366,0.072989348275046,0.0734715820112107,0.000564000445030675,0.000957653659361302,-0.00185008647098002,0.00178497781938257,64
3,0.08785148925982,0.084433282887495,0.0761535493400754,0.0823743420227156,0.00314597017218963,0.00269590312847978,0.0149553515418829,0.00854671381858453,65
3,0.0847549741796602,0.0828671582586482,0.0847549741796602,0.0828671582586482,-0.00845468362767583,-0.0087710962854737,-0.00845468362767583,-0.0087710962854737,66
3,0.0869118977238819,0.0839297935434967,0.0888083188056164,0.0820133754225116,-0.000992697842160821,-0.00157177937823813,0.008597189039367,0.00505254334498941,67
3,0.0942528992270221,0.0918563913895867,0.0949967763934989,0.0736902641982541,-0.00180116610828053,-0.00205026163322801,0.0171618617766677,0.000545097818458009,68
3,0.0969877937550857,0.09113133592012,0.101683894667653,0.0759247553749614,-0.00713774193433844,-0.00745372375201521,0.0164345937011451,-0.00883245369634651,69
3,0.115901091947115,0.1225502719349,0.100874280238043,0.0762674348596976,0.00829327661204503,0.00802445745581302,0.0166532499454738,-0.00488706943475455,70
3,0.082878410639666,0.0807211873380117,0.0751210890387168,0.0671139309650032,-0.00601036434620056,-0.00629610774132734,-0.00400329581366502,-0.00622188845664056,71
3,0.120692456750308,0.139632336918727,0.120692456750308,0.139632336918727,0.0136295300636982,0.0308220039017901,0.0136295300636982,0.0308220039017901,72
3,0.0848235927784747,0.0822204272432649,0.0741975876802465,0.072816128711955,0.00188984576870618,0.00147482751374199,0.00190635462603527,0.00272947706736601,73
3,0.0885004409328913,0.0849580154230078,0.0885004409328913,0.0687876914359125,0.00294687266759577,0.00289501625162704,0.00294687266759577,0.00565815000685074,74
3,0.0866811764368966,0.0844746165151325,0.0782341620645427,0.0692136638947665,-0.00116460394911732,-0.00217377123053956,-0.00167124424738247,-0.00137667362882491,75
3,0.0760696474443015,0.074195508134067,0.0676957481514864,0.0756275105443278,-0.00793214862938235,-0.00841161239887061,-0.00487865288096763,-0.00702377410022378,76
3,0.0907171351033532,0.0869127355840127,0.0907171351033532,0.069664039450029,0.00572978443269114,0.00560996479370591,0.00572978443269114,0.00641886337340203,77
3,0.0855087299630953,0.0827791442943378,0.0749958233959123,0.0738926618479935,0.00383244885894663,0.00342444182318036,0.00309210815347093,0.00327539235847405,78
3,0.0999900144122661,0.101663346402888,0.08656407097997,0.127722189096299,-0.000978068513309163,-0.0032326968444086,0.00249611373063682,-0.000568208137450358,79
3,0.0793856748100119,0.0765492853714435,0.0744763045724732,0.0697742475920157,0.0064101294760331,0.00620650993272962,0.00824440470494897,0.00710886748125888,80
3,0.0860782318239697,0.0834336593676999,0.0689485080061377,0.074504880673993,-0.00385963485401433,-0.00414174377584579,-0.00210153387568357,0.00483443409935888,81
3,0.104689586349421,0.100028104312518,0.0825530147414348,0.120242941682081,-0.0180130061368523,-0.01722967412664,-0.00700919320697192,0.00335226593336996,82
3,0.0977135243220622,0.106894317092888,0.0892370668459388,0.0841539886273254,0.0119526222182517,-0.0135503539304444,0.0167279790434091,0.0140958562716719,83
3,0.0847254071490177,0.0817493403921741,0.0780324654068207,0.0740837884390698,-0.00140529980290626,-0.0018190499837811,0.000166123658666159,-0.00086161061695158,84
3,0.0990669859093249,0.0961417080248222,0.0973517436214451,0.0935029754427836,-0.00521638115029199,-0.00592318108684123,0.0183274537064336,0.0168527893373354,85
3,0.0856815368465501,0.081830450964743,0.0767264943120432,0.0676161231606097,0.0054813347547473,0.00472885229379588,0.00506912709878058,0.0035694456093714,86
3,0.0904354876701877,0.087899117964961,0.0904354876701877,0.087899117964961,-0.00951229034733642,-0.00967860329137497,-0.00951229034733642,-0.00967860329137497,87
3,0.10508437882836,0.0956186328284215,0.104700424351827,0.0883459704148298,-0.00303198359547403,-0.00580082875435989,0.0142748216785221,0.0145533069412163,88
3,0.091889579765137,0.088280290769104,0.0773129080597219,0.0735152077699675,-0.00603247886013281,-0.00580454306339662,-0.00395372271737101,-0.00459215739331391,89
3,0.0919143383218991,0.0895866907686397,0.0753742330443176,0.0829454075629807,-0.00599820974595421,-0.00613966075159437,-0.00297396434216494,0.00213450998122765,90
3,0.0913341459615336,0.0883066606336783,0.0784262873639463,0.0747866346251188,-0.00782629482671405,-0.00836396741742252,-0.00643781075778942,-0.00668197000770398,91
3,0.0948396625969516,0.108022723428519,0.0679365925141303,0.0855020282670329,-0.00431664029720969,-0.00915895492113757,-0.000375578492476513,0.0096785698024872,92
3,0.094855038971341,0.0914037491857642,0.108931561903017,0.073910163662268,0.00915143725304768,0.00871788347955966,0.0364065428639479,0.0175960665116903,93
3,0.0944921814543204,0.0928056511716048,0.0757354028173169,0.0955188380301292,-0.00217343756054848,-0.00268999334871635,0.00054183784181843,0.0197754771254409,94
3,0.0982751331941529,0.0948666187524906,0.0777538197118534,0.103929450056976,-0.00150626878525393,-0.00193756948938378,0.000474401186734564,0.0292367328296801,95
3,0.0852275190524079,0.082797584531797,0.0728092988511365,0.0699544120069248,-0.00881814485677773,-0.00907092161606591,-0.00298284912021244,-0.00306471151488987,96
3,0.0832692441258564,0.0800918447120307,0.0728088432115041,0.0694152243696708,-0.00328444894687902,-0.0035338515686805,-0.00458436745243319,-0.00481343135930004,97
3,0.101547392587406,0.0980381900517855,0.140833762528204,0.129627496740498,0.00164156947864347,0.000590444413143002,0.0499951765482285,0.0440352813902323,98
3,0.0935335227491736,0.0910687716899553,0.0982422116952539,0.0868119360018301,-0.000404045486210915,-0.00135582350265032,0.0244094734398489,0.0189567765582905,99
3,0.1122233908066,0.0904521607392957,0.0756466343801683,0.07218487982144,0.00753023587916212,0.0106408968483314,0.00683704289957092,0.00437038889306503,100
4,0.0886701313655963,0.0868450503483696,0.0798976577498196,0.0764136756101007,-0.0013688441092346,-0.00174109514477457,0.00268911524618989,0.001316006673979,1
4,0.0912048776710316,0.0889834296991893,0.0840200894471099,0.0811620574875569,-0.00851033648871496,-0.0088719007387449,-0.00328748733202748,-0.00247332079742055,2
4,0.0971936680434065,0.0955622912084315,0.0971936680434065,0.0955622912084315,-0.00177719963106375,-0.00212391554313893,-0.00177719963106375,-0.00212391554313893,3
4,0.101295292034661,0.098410939630209,0.101295292034661,0.0845616702286884,-0.000213672153310766,-0.000747831093289103,-0.000213672153310766,-0.00017547351246945,4
4,0.0906657854795556,0.0883121630369551,0.0906657854795556,0.0883121630369551,-0.0032086918680732,-0.00351528549301444,-0.0032086918680732,-0.00351528549301444,5
4,0.0983206712340218,0.0962556840808236,0.0983206712340218,0.0962556840808236,0.0097778088883501,0.00931331001799853,0.0097778088883501,0.00931331001799853,6
4,0.085777588893097,0.0838780229883004,0.085777588893097,0.0838780229883004,0.00056399352463965,0.000281124254035592,0.00056399352463965,0.000281124254035592,7
4,0.0974766809796402,0.0952191389188411,0.0860969616484129,0.0943154627295492,-0.00606351264933137,-0.00635627935568268,-0.0036692223112161,0.00355518319504862,8
4,0.101210506660853,0.0991156869782906,0.116569014060205,0.0857811592129122,-0.0116919131958611,-0.012205114577596,0.00595898703801744,-0.010184448482115,9
4,0.0971848393243055,0.0951319108064117,0.0971848393243055,0.0951319108064117,0.0005945614744741,0.000212354581756737,0.0005945614744741,0.000212354581756737,10
4,0.0978715818608559,0.095747445340785,0.0981514743761529,0.101224655861331,0.00190864395978471,0.00152413354458945,0.0133824081494006,0.0137135788069124,11
4,0.0923822043170858,0.089806371880092,0.10480225618581,0.0966667380534152,-0.00279934137480083,-0.00291387546267201,0.00714505333106222,0.00443760431327724,12
4,0.0932730260846826,0.0908950747509432,0.0932730260846826,0.0908950747509432,-0.00629945868736394,-0.00646040836636572,-0.00629945868736394,-0.00646040836636572,13
4,0.0888030191909181,0.0867241287220141,0.0915181358148125,0.142466987471798,-0.00632486914208035,-0.00687726432503869,0.00743548501649383,0.0211224918531158,14
4,0.0936657744006641,0.091921288207675,0.0839251013762895,0.091921288207675,-0.0111880587745485,-0.0114786203791366,-0.00612806718239481,-0.0114786203791366,15
4,0.0894229940423054,0.0875149416702715,0.0894229940423054,0.0875149416702715,-0.00400463765110472,-0.00427378545692542,-0.00400463765110472,-0.00427378545692542,16
4,0.0858761367713706,0.0825289627429418,0.109691944139729,0.0770298154264287,-0.00261762152139442,-0.00326840679237524,0.0166645668538,-0.00364036515950814,17
4,0.0956741056180219,0.0941994366331324,0.0765679378350727,0.0941994366331324,-0.00645447222435144,-0.00659706111503193,-0.00381180815504217,-0.00659706111503193,18
4,0.0947087376544549,0.0925168005994363,0.0942489510499809,0.0925168005994363,-0.0058160811015695,-0.00612835562208162,0.00466743156510728,-0.00612835562208162,19
4,0.0921073453252351,0.0901415638438063,0.0921073453252351,0.084513419331783,0.00223559565377531,0.00188654905724506,0.00223559565377531,0.00505101230355384,20
4,0.0948406542844137,0.0926102080505492,0.0795684481457762,0.0926102080505492,-0.00652520079890853,-0.00672446177392194,-0.00477269920480401,-0.00672446177392194,21
4,0.0925023936429363,0.0869229461969246,0.0791961323984991,0.0802323678759586,-0.00650997521830058,-0.00529807942019543,-0.00377791408579483,-0.00530574352781434,22
4,0.0976565393760053,0.0915885810553086,0.10436691285403,0.0911184870487961,-0.00546964793876207,-0.00455674764237598,0.0108106833979571,0.00560189860205832,23
4,0.0961726871387496,0.0928526911766769,0.0817621859522818,0.0813287127822835,-0.00177566566305549,-0.00249606836035322,0.000863492720350648,-0.00273025106643363,24
4,0.0869015260438063,0.0851644764413172,0.0770079897897178,0.0744578471111924,0.00273972949998627,0.00242286057058675,0.00508598790907729,0.004300026633388,25
4,0.0964796219052725,0.0941449024697673,0.0964796219052725,0.0941449024697673,-0.00696604278331528,-0.00753744093931563,-0.00696604278331528,-0.00753744093931563,26
4,0.0896999065923119,0.0880629055979539,0.0896999065923119,0.0880629055979539,-0.00178782751223526,-0.00209297487602913,-0.00178782751223526,-0.00209297487602913,27
4,0.0946145088376569,0.0920497072896899,0.100545846244261,0.0930142830858211,-0.00186079498478614,-0.00244961549017776,0.0060173055176338,0.00366510688189205,28
4,0.0889434965639673,0.0871480837941065,0.0781061069528733,0.0871480837941065,-0.00104076983529706,-0.00126676922781632,0.00093281732315006,-0.00126676922781632,29
4,0.097024995068533,0.0917217870300489,0.088412047902738,0.0944727417383665,-0.007762095455208,-0.0108250898644552,-0.00701625722939153,-0.00361399241249928,30
4,0.0886747830056813,0.086840331063769,0.0935934369840492,0.0869039913873765,-0.00332112271054399,-0.00357260526919494,0.00234955152962937,0.000720329478914048,31
4,0.090947658650589,0.0891591083855767,0.0953140297117557,0.0785901861119804,-0.00850331552364866,-0.00897744697717077,-0.00299646984513271,-0.0066184897734245,32
4,0.0937771336904376,0.0919465314451217,0.12132088282065,0.0920547588954615,-0.0044985553298141,-0.00491543840622822,0.00848229618644977,0.00273344298450343,33
4,0.0972542279717822,0.0951017489791556,0.0972542279717822,0.0951017489791556,-0.0157296848002983,-0.0159960185945238,-0.0157296848002983,-0.0159960185945238,34
4,0.0932393081957215,0.0919687990972744,0.0932393081957215,0.0919687990972744,-0.0115860977587771,-0.0117014149218364,-0.0115860977587771,-0.0117014149218364,35
4,0.0883694780502499,0.0866798181524744,0.0883694780502499,0.0866798181524744,-0.00289051418726916,-0.00314599973942915,-0.00289051418726916,-0.00314599973942915,36
4,0.0918963381756072,0.089418445955065,0.0855977010206337,0.0747528607345426,-0.00833158592657901,-0.00871369421129902,-0.00197200922651358,-0.00514856608958162,37
4,0.0896236114723493,0.0880489350511498,0.0896236114723493,0.0880489350511498,-0.00132449973123268,-0.00157298537936527,-0.00132449973123268,-0.00157298537936527,38
4,0.103804446283187,0.103382654619459,0.123504495785348,0.108568253354943,-0.00743115151437012,-0.0103750159337721,0.00355747887350871,-0.00112559813232143,39
4,0.0959957571866266,0.093392226530754,0.082780288566106,0.0825724817801163,-0.00342810875674262,-0.00391959435316111,-0.00236993657346196,-0.00236407416591767,40
4,0.0813800967686261,0.0791597888360964,0.0736583032565106,0.121155340407216,-0.00016351570447859,-0.000637681826255527,0.000667336927867419,-0.0141344764481123,41
4,0.0899111770309637,0.0881596917845001,0.0797076941181257,0.15986483467375,-0.00546738480602054,-0.00571009370900771,-0.00460227982383197,-0.0363144516692399,42
4,0.0940860307779239,0.0888607833305168,0.0810226654167868,0.0888607833305168,-0.00422289562579175,-0.00239805428962511,-0.00118434599491512,-0.00239805428962511,43
4,0.0888329073776354,0.0872205241308098,0.0888329073776354,0.0872205241308098,-0.00444468342430963,-0.00470583280047388,-0.00444468342430963,-0.00470583280047388,44
4,0.0875619027612623,0.0860581233038802,0.0875619027612623,0.0860581233038802,-0.00423754455026327,-0.00440130786503972,-0.00423754455026327,-0.00440130786503972,45
4,0.0968486227967125,0.0942678036492335,0.099981927421604,0.0921729871305216,0.00031871899836541,-8.51401284140203e-05,0.00807349681197624,0.00562548183453032,46
4,0.094474423559261,0.0924614334801928,0.10033440837172,0.0805372122568914,-0.0105595123722403,-0.0108420173248908,-0.00119444866927939,-0.00772754628930289,47
4,0.0970537905175972,0.0956436565798419,0.0835837007513845,0.0864908141679058,-0.0124434632553047,-0.0122591395771702,-0.0054516594394054,-0.00335587377742539,48
4,0.0850705421639177,0.0832197172332306,0.0813591219813958,0.0882412429775825,-0.00409494182974044,-0.00431073470107141,0.000832832007411182,0.00515222475943659,49
4,0.0934554108600869,0.0911523065616884,0.0812405603350756,0.0911523065616884,-0.00971559699448779,-0.0101825073914507,-0.00766586540978002,-0.0101825073914507,50
4,0.0947985542276002,0.0922673759696513,0.0815306690328143,0.0797834168268655,-0.0050526419737016,-0.00559471411151251,-0.00414634829356085,0.00363635449843633,51
4,0.0912721114842432,0.0889037347978304,0.0947310440716706,0.0939489733390167,-0.00238868066924203,-0.00265619280969557,0.00495774898284484,0.00659888799508629,52
4,0.0832149273136545,0.0813301432462908,0.0832149273136545,0.0872700121361411,-0.00413847642332071,-0.00444296024652583,-0.00413847642332071,0.00231740761537107,53
4,0.103097194384135,0.100811021265332,0.100675822889391,0.0941831716549573,-0.0132211417922873,-0.0135849232610008,-0.0012728769230788,-0.00414794471218876,54
4,0.0988028029218144,0.0963575297028796,0.0975040023958209,0.0902620973161554,-0.0107269759071083,-0.0110234256178798,-0.00361499280033871,-0.00551518994567056,55
4,0.0868189303867801,0.0849174715620691,0.0770003270428875,0.0833960071171412,-0.00327848160817619,-0.0034140130243463,0.00107966173273726,-7.14184100267204e-05,56
4,0.102048167772768,0.100062222570107,0.102048167772768,0.155800246827769,-0.0203267883383716,-0.0214925767257211,-0.0203267883383716,0.0230378037641039,57
4,0.100643001923513,0.0985818684628611,0.100643001923513,0.0985818684628611,0.00027800410259174,-8.11298347689355e-05,0.00027800410259174,-8.11298347689355e-05,58
4,0.0930392201377525,0.0908426270142436,0.0893747392624916,0.078832596635539,-0.0103741801995959,-0.0108114677461434,-0.00400411855375404,-0.00742436497255515,59
4,0.0871524409816937,0.084639176152069,0.160303708442194,0.119309079728724,-0.00250262283159831,-0.00308718192602151,0.0347286940461847,0.0161952711080896,60
4,0.0951010847119599,0.0924947435612281,0.127317204827365,0.0810103689960533,-0.00147996015082442,-0.00186458474789263,0.0148707660965375,-0.00152924787846164,61
4,0.0830195663002997,0.0811382789648896,0.140233601789799,0.0831282483035236,0.00414940419334,0.00370123634473892,0.0415683827781731,0.0136165777808519,62
4,0.0936039876589031,0.0913336893327135,0.0972722659802743,0.0894067763893116,-0.00801866801444936,-0.00832430609623181,-0.000445451599650602,-0.00275439848359414,63
4,0.103237457059392,0.0993365142927631,0.100504050715853,0.0947005253932192,-0.00547283179098319,-0.00479024345959245,0.00400091584908906,0.00200412212773382,64
4,0.087162757342999,0.0851844176690629,0.087162757342999,0.0851844176690629,-0.00230174987024393,-0.00287245780566893,-0.00230174987024393,-0.00287245780566893,65
4,0.0951862627077181,0.0929393221764403,0.0946239144388633,0.0750092634697816,-0.00332474363142828,-0.00365446102927237,0.00304394724982248,-0.00144020062719223,66
4,0.0985995817407893,0.092422261093504,0.0985995817407893,0.0850920853418981,0.00695368879964163,0.00173115515992942,0.00695368879964163,0.00587600308830794,67
4,0.0966407763659662,0.093812970570416,0.10397704082944,0.0953472243045017,-0.00330303584400682,-0.00381301919150867,0.00788846471249363,0.00528237443681838,68
4,0.0916205249523527,0.0897520084424902,0.0929690165119541,0.0897520084424902,-0.00199093179890056,-0.00231773896109794,0.00345869284478279,-0.00231773896109794,69
4,0.0927207945413704,0.0903767775986742,0.0927207945413704,0.0904291467479023,-0.00929657275827354,-0.00948155422620521,-0.00929657275827354,-0.000386398253903207,70
4,0.096157575796576,0.0937246327229648,0.096157575796576,0.0937246327229648,-0.00931803133995046,-0.00985440292511517,-0.00931803133995046,-0.00985440292511517,71
4,0.0923180627308778,0.0906085810192036,0.0923180627308778,0.0906085810192036,-0.00727730297054861,-0.00757529228492494,-0.00727730297054861,-0.00757529228492494,72
4,0.0961922230911206,0.0946607548563424,0.0934873267109172,0.103576471499022,-0.00638271316801973,-0.00656011226850085,-0.00184269525540397,0.00215963258463194,73
4,0.0894272202734462,0.0896902947820297,0.0841328244455603,0.0774184815122323,-0.00119186183979571,-0.00580225226550261,0.000818959676261356,-0.00282303612263343,74
4,0.0911168003723957,0.0892833511563099,0.0787585645479762,0.0892833511563099,-0.00760190245680708,-0.00777043680580738,-0.00138669563067176,-0.00777043680580738,75
4,0.0925367642757649,0.0904250490205442,0.0829694764450254,0.0785119765207509,-0.00761058582228891,-0.00802890663320953,-0.00319469822787407,-0.0066579040666207,76
4,0.0912608049910203,0.0887446621035449,0.0912608049910203,0.0887446621035449,-0.00454752683422742,-0.0049354392829141,-0.00454752683422742,-0.0049354392829141,77
4,0.0990197477182508,0.0987789851958688,0.103977926781628,0.0972338576449471,-0.00449281237751793,-0.00342085678875499,0.00656528972234217,0.00631529544939586,78
4,0.0911251450989053,0.0889897633050829,0.0911251450989053,0.0843515066225188,-0.00334570633309679,-0.00371833700454911,-0.00334570633309679,0.00375508661111635,79
4,0.0938418666581267,0.092130896426743,0.086226629557603,0.0759271332643596,-0.00526331420933413,-0.0055254173481949,0.00267797134327669,-0.000634370166612857,80
4,0.0974191472091135,0.0948646255197817,0.0974191472091135,0.0860690995477454,-0.00901680806160803,-0.00936087638359551,-0.00901680806160803,-0.00459742910388863,81
4,0.0849664760830459,0.0914606891641589,0.0849664760830459,0.0740497834164005,-0.00500077355778033,-0.00935282839729477,-0.00500077355778033,-0.00448372262379761,82
4,0.0824814422392243,0.0811128925993365,0.0731052927049577,0.0726669616486709,-0.00613235603712806,-0.00633896037440707,-0.00422034988130334,-0.00414345913594181,83
4,0.0861327377061761,0.0846910125885138,0.0957429994359096,0.0876591445402329,-0.0052237429989711,-0.00569022899473415,0.0037312218447497,0.00144636766249338,84
4,0.0983246817267528,0.0953286091148187,0.114555458766305,0.0953286091148187,-0.00980239361588138,-0.0102882455614371,0.00290831293813341,-0.0102882455614371,85
4,0.0955186582094201,0.0932864195557372,0.0956294890153326,0.161681492248175,-0.00512916503017182,-0.00555064131294913,0.00159778925415511,0.00577553001940956,86
4,0.0874758191688515,0.0854567700937904,0.0760954452485149,0.0854563771785612,-0.00803401942801579,-0.00823588281333362,-0.00378882512460556,-0.0082361284727007,87
4,0.0916531553023143,0.0899133035494819,0.0981799258715518,0.0899133035494819,-0.00378527770219167,-0.00397092459353226,0.00291553071903428,-0.00397092459353226,88
4,0.0904882410738459,0.0866061605398127,0.0742040734680956,0.090882925857353,-0.00987806296377824,-0.0102507723805061,-0.00654619360631658,0.000912213520468929,89
4,0.100473749643614,0.0984540390567719,0.0899299875574519,0.136236899159474,0.00443889200372433,0.00414211383663864,0.00760514405033127,0.0172814531912674,90
4,0.0895673471931087,0.0869070687137572,0.0815546065355796,0.0781631373467705,-0.00203867583312008,-0.00316795405057253,-0.0024713732383125,-0.00302423633396861,91
4,0.0947889651984426,0.0922758716895421,0.0873602066490206,0.0829156178594624,-0.00254159123715449,-0.00296213650139085,6.64328573574062e-05,-0.00111507810260427,92
4,0.102548245942203,0.0993900898003283,0.108860446416078,0.099698047309569,-0.00596333939343625,-0.00646527512713613,0.00580766362797105,0.00274728155520501,93
4,0.0905496377008565,0.0912424895265129,0.0883119128777796,0.0832869983662622,0.00446967247229168,0.00143056840718441,0.00759365491883028,0.00610628113893877,94
4,0.0964704666528273,0.0928090500160342,0.10491832109863,0.252199139821344,-0.00911427779730534,-0.00952211806816392,0.00435056721938168,0.103171893529499,95
4,0.0904769474488814,0.0885645083262369,0.0904769474488814,0.0808948353923776,-0.00191969464114319,-0.00221916112453293,-0.00191969464114319,0.00214183810126235,96
4,0.0923132427090809,0.0900553822931911,0.0923132427090809,0.0762284735098987,-0.000733180805180184,-0.000924488593065929,-0.000733180805180184,0.00241455263799544,97
4,0.0987340054666422,0.0965583458981803,0.101129738895613,0.0866167061443369,-0.00593628145683708,-0.00625736776694042,0.00338823907769706,-0.0020334599522953,98
4,0.087827262497141,0.0860921451239799,0.109428124642605,0.0920608067760813,-0.0064822410451143,-0.00671532025643623,0.0066168953216471,0.0014510363500631,99
4,0.0941079385543011,0.0916546775331661,0.0941079385543011,0.0916546775331661,-0.0020686984377073,-0.00242499964304465,-0.0020686984377073,-0.00242499964304465,100
