"scenario_id","T","rep","E_RMSE","F_RMSE","E_Bias","F_Bias"
1,120,1,0.0678714141135341,0.158796693836012,-0.00355769340253507,-0.000406210898378797
1,120,2,0.0762243041407777,0.174076024539606,-0.00701495943705929,0.00028685294707104
1,120,3,0.0810993939953526,0.150822230401655,-0.0114610368165739,-0.00431225319962286
1,120,4,0.111433486078874,0.170210685252822,-0.000393589798746784,-0.00630534434798834
1,120,5,0.100913923870236,0.154433665425972,0.00686630721755133,0.0121871926252921
1,120,6,0.0695614671109755,0.152617177769787,0.00506127691790342,0.00768945950446039
1,120,7,0.0766534947998506,0.154813967910175,0.00535758410153753,0.00628024056575187
1,120,8,0.0783854650751295,0.152623023697827,-0.00322084269261417,-0.0151586898839501
1,120,9,0.0707526600344172,0.158173058355862,0.0059094690764647,0.00917977399187772
1,120,10,0.0776320331625036,0.156976925377607,-0.00572868955917029,-0.00244809692985658
1,120,11,0.102545238013195,0.148780841961512,-0.00908786917431752,0.00316474126012882
1,120,12,0.0857359636353069,0.175533363668366,-0.00675192727108323,0.0194543734170303
1,120,13,0.0789727073091642,0.167669365994012,-0.00146507337487384,0.00470229530103082
1,120,14,0.0743567799370438,0.161226780466338,-0.0106742776436637,-0.00868268231636886
1,120,15,0.0721537819296539,0.143576992980528,-0.00486703573370191,-0.00426816784623773
1,120,16,0.0728237480726363,0.156122245814389,-0.000116084056929903,0.00254821680347771
1,120,17,0.090110892485398,0.181111934269789,-0.00290405372062743,-0.0353448228579108
1,120,18,0.0638647233520848,0.147757107568822,0.00236143992539964,0.00514497017958978
1,120,19,0.0567748289503544,0.134035656767624,-0.00528878961099517,-0.00567735978180043
1,120,20,0.0646368787881807,0.148733731793543,0.0018458272908259,-0.00444720650762383
1,120,21,0.0744303566310953,0.155526773895868,-0.00483492169409815,-0.0111785350747049
1,120,22,0.0735094339506253,0.154915318681107,-0.00744021051325851,-0.00685888412155445
1,120,23,0.0719180442120464,0.160411396476118,-0.00141887166132287,0.00345187019868543
1,120,24,0.0743052349507413,0.163366217884499,0.00171289711446288,0.008005786053209
1,120,25,0.0907584993840776,0.155970165086387,-0.00775385950629734,-0.00135777614459482
1,120,26,0.0964637515091773,0.198891672741489,-0.0012944952644726,-0.0375532014569798
1,120,27,0.150035304936574,0.165980437682655,-0.0017287584302139,0.00284389831874326
1,120,28,0.0830071928882195,0.159261304316563,-0.0107613586159105,-0.00180808906269747
1,120,29,0.0634145427371866,0.1473368451662,0.000884602061476109,0.00680386715763145
1,120,30,0.0622524548774932,0.136851124398482,-0.00197658850947026,-0.00282171567975824
1,120,31,0.0773832860726573,0.170796408824324,-0.00829922622832636,-0.00344792398683012
1,120,32,0.0631471201524573,0.138929192447664,-0.0067487068380934,-0.00782993889540366
1,120,33,0.0704453465547352,0.201619235399245,-0.00196623958321594,0.0528832167601546
1,120,34,0.0946944006077715,0.144497012845155,-0.000251421026901915,0.000383948171072626
1,120,35,0.0716507745688893,0.139799559072327,-0.00588379311195215,-0.00127334654194068
1,120,36,0.142229579106071,0.168421721654311,-0.00644691167470855,-0.0112838187287807
1,120,37,0.110368680116788,0.181670572554381,-0.00696984289097576,0.00560020393625488
1,120,38,0.112044402159015,0.166407614942377,0.00376382615674131,-0.0128244230290273
1,120,39,0.0652410422984025,0.138359334268975,-6.50747076363027e-05,0.00310537829096386
1,120,40,0.12513240523281,0.160815703252673,-0.0183121976140362,-0.00185209963068791
1,120,41,0.0816581623877463,0.185316243228793,-0.00891765159736598,0.0150990544153143
1,120,42,0.103573841585757,0.175433061132003,-0.00476430879326469,-0.023699793312399
1,120,43,0.109940721239387,0.174367610142741,-0.0177225309071899,-0.0116017354907975
1,120,44,0.114681136810223,0.182766364006883,0.000645163538661618,-0.00910150372436518
1,120,45,0.112039421368493,0.168741204272102,-0.011014403947593,0.00803090276290616
1,120,46,0.0754815776346529,0.160630314960789,-0.00354640369411143,0.000654009425989496
1,120,47,0.0769767228889747,0.157466276610147,0.00382379391784482,0.00453368995162798
1,120,48,0.0678646234894917,0.16007325580173,-0.00454325233222222,-0.00120289030496
1,120,49,0.0700424734319428,0.150212269413906,-0.00154359752069437,0.00108919878078656
1,120,50,0.0721608957612077,0.160287060352422,-0.00210991834690427,-0.000166105778489787
1,120,51,0.0655026066828589,0.143625269277265,-0.00308663903565105,-0.00290616065753123
1,120,52,0.080839253631564,0.145959093824481,-0.00535772048724889,-0.0138503728871854
1,120,53,0.0758857961918654,0.158419950518257,0.0018106819786204,0.00485924107065965
1,120,54,0.0730828944241732,0.170086397686344,0.00306124604210045,0.0104857819339952
1,120,55,0.0756969102121637,0.16176613851798,-0.00487507897589657,6.09882454905732e-05
1,120,56,0.115899912005779,0.165867306381351,-0.0040426173288472,0.00918051152715435
1,120,57,0.0693476316125295,0.168080888667944,0.00223696202312048,0.00737523054419622
1,120,58,0.0726314256616036,0.131943670966209,-0.00612753991597228,0.0101642844180784
1,120,59,0.0792771883916971,0.165033842459111,-0.000777648587438565,0.00167252655672518
1,120,60,0.0730573267042358,0.162499558822676,9.54691543911648e-05,0.00328268334389787
1,120,61,0.0694398764884202,0.159771952884791,0.000420589439618913,-0.00500918663374704
1,120,62,0.0731629395262486,0.158286698789521,-0.00379280767862537,-0.00354224959253071
1,120,63,0.086716877751842,0.170740294095272,-0.00247307079051128,-0.00528069313810082
1,120,64,0.119604375085221,0.153857160248379,-0.0179894298778632,-0.00116684399713275
1,120,65,0.075297327001495,0.215863164899574,-3.11787607367245e-05,0.0623200594964532
1,120,66,0.0703698350438417,0.157915706453177,-0.00747384409276881,0.00381700871854834
1,120,67,0.0929914596785324,0.178055155855933,-0.013901147059868,-0.0059839159890084
1,120,68,0.112661728303447,0.15090077735455,0.00802106687375192,-0.00646374077938033
1,120,69,0.0927025128294126,0.136383930385596,0.00183654755127264,-0.00262494139414775
1,120,70,0.0654784491028498,0.177523228735174,-0.000215121962808208,0.00643963463138504
1,120,71,0.0909657643873868,0.146969769701057,-0.0101929572737968,-0.00709500076311042
1,120,72,0.0710730252555598,0.150338364165348,0.000730581988074329,0.001177783736339
1,120,73,0.074995940070342,0.166835641925559,-0.000350589077096751,-0.00958376110394552
1,120,74,0.092506775302809,0.151810042563689,-0.00460994736336851,-0.000565368835344116
1,120,75,0.0787822859129628,0.156474295914812,-0.00299578426461837,-0.00498662820652175
1,120,76,0.0848625640637307,0.164168397307494,-0.00888299838678362,-0.00737228343528747
1,120,77,0.0830009416673724,0.157469218051279,-0.00786283229396029,-0.014944292089105
1,120,78,0.0741538336293729,0.187196973328788,-0.00647533977219238,-0.0344811021145512
1,120,79,0.0739571089241658,0.156391599283942,0.00111953201436884,0.000169954037637632
1,120,80,0.0822400659623743,0.148439745224353,-0.00739152743677517,-0.00236980802488456
1,120,81,0.113079557769548,0.155990033854151,0.00781380087883653,-0.00205873221933555
1,120,82,0.0878947484431006,0.219536289060883,0.00340245094861356,0.0422730700305601
1,120,83,0.0615298525596705,0.190772546514915,0.00240880196006808,-0.0323814322398838
1,120,84,0.0712585559804139,0.154104514280032,0.00530870371791634,0.0102430683519562
1,120,85,0.0757180240847837,0.16317572657094,-0.0147946548268267,-0.0110176872067879
1,120,86,0.0777846565439488,0.163008002011549,-0.00652808294705519,-0.00478407030581391
1,120,87,0.0668708558935151,0.144613549334285,0.0017128972236555,0.00285450111912283
1,120,88,0.07225724576663,0.163402938364462,-0.00121779312858508,0.00112853710235661
1,120,89,0.0706792677759547,0.155745633918324,0.00563821884924133,0.00976707649699646
1,120,90,0.0712257268539117,0.152118088168562,0.00487028304759602,0.00623819619808289
1,120,91,0.0665436254680849,0.151213929147094,-0.000577379641577977,0.00135453406025068
1,120,92,0.0704119611612979,0.161012496815095,0.00334039825819554,-0.00176837780597421
1,120,93,0.0840500965582839,0.159941736663334,-0.00197881562796785,0.0126604727153408
1,120,94,0.070289954307004,0.169241708433141,0.00328550649229385,0.00863633499599715
1,120,95,0.101225414031067,0.184606499243041,-0.0158493402766082,-0.0346072381398364
1,120,96,0.0751758692059078,0.156000671884188,0.00312495249163202,0.00450575176170217
1,120,97,0.0685600090030718,0.152790349158912,-0.00337392456410696,-0.001383425594739
1,120,98,0.0696261148019088,0.141352598519623,-0.00117098809642299,0.00278351739494368
1,120,99,0.104634308584067,0.159723477610443,-0.0160302485106154,-0.0176588010130922
1,120,100,0.0676083477320557,0.146740520568531,-0.00480119565860019,-0.00179531873828162
2,120,1,0.0715648579117418,0.106241874401948,-0.00854042186497484,-0.0162514383322754
2,120,2,0.0636574376781221,0.0971610072742,-0.00254003540760427,-0.00606683530389456
2,120,3,0.061524932682899,0.101631009363612,-0.00184019423690965,0.0172480417927111
2,120,4,0.070563903944009,0.0989337186176002,-0.00816583628953158,-0.00452429022688763
2,120,5,0.0604777373268023,0.0934238564384746,0.00243643156583033,-0.000288692588351673
2,120,6,0.0708921709766154,0.0942416051530384,-0.00316522645589236,-0.00806663861650526
2,120,7,0.0652379195350227,0.123024664043304,-0.00143112970677809,0.0275263920223605
2,120,8,0.0604530499793823,0.0998786309244003,-0.00201020265363664,-0.00880957370637744
2,120,9,0.0535694313047879,0.101909770245445,-0.00295934669351043,-0.0102137738710116
2,120,10,0.0783881071564853,0.0983663016343535,-0.0054639403337452,-0.0102347718399035
2,120,11,0.0611409947510629,0.119661504421852,-0.00239224533518724,-0.0200375013871383
2,120,12,0.0679524494721215,0.0964938747346104,0.000835813928838665,-0.0101712512705032
2,120,13,0.0605284356727111,0.0946818261874628,0.00111362557941782,-0.00269129208360506
2,120,14,0.0645280860714792,0.101652764682164,0.00123065829499376,-0.0174285857589964
2,120,15,0.0694741195144419,0.0976620867409432,0.000943048116611426,-0.00815490015818194
2,120,16,0.0565189233267626,0.104195398993297,-0.00201824747358416,-0.00721133054240227
2,120,17,0.0642920394054807,0.100203522525666,-0.00370185202110888,-0.00891790334351644
2,120,18,0.0637683839696051,0.112179780823536,-0.00775240104388708,-0.00881394862346625
2,120,19,0.0624897274637973,0.0856468513940519,0.000302331564253664,-0.0052299158286454
2,120,20,0.0752734397469642,0.0889355868367072,-0.00283587168843884,-0.00497077250254501
2,120,21,0.0638026959327708,0.0973995627853217,-0.00146063160181981,-0.00378369516961063
2,120,22,0.068976099500313,0.10677287366316,-0.00177873566922097,-0.00940393596034369
2,120,23,0.0580944944360174,0.103904251138104,-0.00495762448908497,-0.0135313194051493
2,120,24,0.058414660779617,0.100854107342233,-0.00115817493949827,-0.00967758660089378
2,120,25,0.0747392966819722,0.124785863156597,-0.00188294060118965,-0.0042230843600503
2,120,26,0.0705606199621941,0.107318077931086,-0.00546750596434635,-0.0129084689171627
2,120,27,0.0715552995285766,0.222168939780559,0.00245000612686161,-0.0956571335841557
2,120,28,0.0677426019698136,0.155345193333428,0.00112209632321751,0.0595631466713158
2,120,29,0.0634545650310872,0.086431341886412,-0.00264081759131825,-0.00588531111363941
2,120,30,0.0483871525935469,0.0870757456909657,-0.00179509378367924,-0.00660436433919854
2,120,31,0.0700034244171576,0.108215684768258,-0.00688538382728429,-0.0256269904572816
2,120,32,0.0657109276955768,0.101248891498075,-0.00521066069752981,-0.0119001051328859
2,120,33,0.0600767502931228,0.101484031731901,-9.23760721085499e-05,-0.00514064986359798
2,120,34,0.0715118037762932,0.10296247394892,-0.00186171381323449,-0.0183098584829569
2,120,35,0.0606300012624455,0.0902044639094231,-0.00851110323385882,-0.00984530686354495
2,120,36,0.0626960194632504,0.103226179530607,-0.00452408983536571,-0.011065405312022
2,120,37,0.0765036964300682,0.100488648093043,0.000705270279556822,-0.00689996395687005
2,120,38,0.059093961901654,0.101215035027287,-0.00311432482520844,-0.0114370790688486
2,120,39,0.0630735038918661,0.102099387903539,-0.00189780297858992,-0.00853429199225513
2,120,40,0.0704447856645043,0.116986885301342,0.00481385477100206,0.0153022338307856
2,120,41,0.0577415702170218,0.100468639048003,-0.00416221169309888,-0.00753773049171807
2,120,42,0.0742603133589216,0.108425969165938,-0.0105365655583418,-0.018397806812431
2,120,43,0.0757162089633111,0.155839960026268,-0.00558780304604419,-0.0682755990740511
2,120,44,0.0654270664063323,0.107112405422056,0.00113957645509704,-0.0100534152530175
2,120,45,0.0615797351579307,0.100287395185973,-0.00207311293857785,-0.00662720525950839
2,120,46,0.0628098209331339,0.0967131914281958,0.00147712121462899,-0.00330996752727276
2,120,47,0.0632613626855437,0.122096420968748,-0.00375077366352486,0.0167838757588818
2,120,48,0.0762508070519844,0.0897583083446043,-0.00376075853557427,-0.00781782776527575
2,120,49,0.0704734617241218,0.113523082536092,-0.0015968485798575,0.00874461240671954
2,120,50,0.0631249260739253,0.102798223332842,0.00156787262752229,-0.00466241899802415
2,120,51,0.099015423557389,0.113267618326876,-0.0106392734336932,-0.0149126294422644
2,120,52,0.0642241368704097,0.092579484023644,-0.00463113102216013,-0.00696797478796442
2,120,53,0.0755219419933678,0.103005399738997,-0.00967641886445225,-0.00231671596528531
2,120,54,0.0672899957864869,0.124106712701201,-0.00117863935556443,-0.0479432195033998
2,120,55,0.0735424097861867,0.288438450802167,-9.42838234474834e-05,-0.135352250086531
2,120,56,0.0613371990750943,0.0977643180627903,-0.00184852398663961,-0.00742376247980083
2,120,57,0.0703978749774292,0.105227665702159,-0.0105360682320596,-0.0131781834251884
2,120,58,0.0719510663806952,0.107834139196577,-0.00573126699725084,-0.0105603302818678
2,120,59,0.0667756457496897,0.0998249277923954,0.000707022675425028,-0.00748148761743348
2,120,60,0.0606357644491631,0.100296855653281,-0.00402006779926459,-0.00834140052447314
2,120,61,0.0630607191717775,0.099544858371762,-0.000689288528006182,-0.00485527799341066
2,120,62,0.220605407810346,0.0984185822233461,0.0352971134947914,-0.00878946854313515
2,120,63,0.0695627900076013,0.0976280116067729,-0.00289612231751199,-0.00689346534192084
2,120,64,0.0583134909438159,0.0861278122317886,0.00132602882688927,-0.0031650835386388
2,120,65,0.0628317020890669,0.095884266233484,-0.00299059114237492,-0.00936492678372693
2,120,66,0.0626952880457543,0.101417118785514,-0.00217312514365998,-0.00909413165309968
2,120,67,0.0751476779306837,0.0972855875910952,-0.0013997916872939,-0.0072570001506987
2,120,68,0.0724203471722056,0.103528002642132,-0.00483579097551345,-0.0154452269401099
2,120,69,0.0605868053245733,0.100346924164453,-0.00365165264570661,-0.0123321987335133
2,120,70,0.0693163843830029,0.0961981003810851,0.000983984575775814,-0.00643493867354027
2,120,71,0.0630043675810586,0.191126842638331,-0.00502118529039491,-0.0802068709737691
2,120,72,0.0598334104870793,0.085095326571687,0.00109347008376023,-0.00262347527224829
2,120,73,0.0617089449226779,0.101137510758761,-0.002699442383732,-0.0116147496759543
2,120,74,0.0650242397449928,0.101001157014459,-0.00556026360657667,-0.0113894613622959
2,120,75,0.0563687004323145,0.0948405156018085,-0.00088342111036991,-0.00499620380464779
2,120,76,0.0592634321875328,0.0997264089801782,-0.00114327108071833,-0.00931228968016988
2,120,77,0.0714202070962775,0.0978848121778995,-0.00465112934678188,-0.0101508367747017
2,120,78,0.0637040289767598,0.116388756088838,-0.00349123972778908,0.0144527783400157
2,120,79,0.0622893065979613,0.115708895614042,-0.00842252389563527,0.0180890006469199
2,120,80,0.070436098063181,0.106032637746241,-0.00581187857994386,-0.00162599343183043
2,120,81,0.0697968292813256,0.107407721373075,-0.00461472594839142,-0.0121694293801061
2,120,82,0.0711847312806966,0.10244093878009,-0.00653888933104125,-0.0108485820996384
2,120,83,0.0602312647544102,0.0940957408108356,0.00101217893217402,-0.00667415496939867
2,120,84,0.0751608936932726,0.124163827967101,-0.0066338877834288,-0.0100847969002464
2,120,85,0.0667958559246247,0.0973771140270406,-0.00433410516560817,-0.0148453359670994
2,120,86,0.0550769431742294,0.0890632295676998,-0.00325414099388807,-0.00536846660849335
2,120,87,0.0603176849561343,0.102215495539026,0.00119935556969241,-0.0066127155139413
2,120,88,0.0631364923110766,0.0992367002415652,-0.00286013154107575,-0.00805477995017097
2,120,89,0.0646459237424181,0.098364001479738,-0.000968766984830965,-0.00723371976867384
2,120,90,0.069163631618364,0.117596627763062,-0.00545884098139559,-0.0291164879919345
2,120,91,0.0759968458357561,0.0934009335903439,-0.00466068162657919,-0.00491119667807908
2,120,92,0.0671333547630456,0.101994927630578,0.00416224704277196,-0.00528320877459049
2,120,93,0.0813550260286262,0.0904248295184021,-0.00417839678374942,-0.0077602669411531
2,120,94,0.0659701484563077,0.0961777020014389,-0.0114138185039859,-0.0163391180318209
2,120,95,0.0746306896166075,0.102862609873487,-0.000124204498229399,-0.0112143549285342
2,120,96,0.0789279811366395,0.109015730486836,-0.00879243747269836,-0.0153582429609981
2,120,97,0.0675672166478654,0.0928809265448367,-0.00110567761279569,-0.00667027073301859
2,120,98,0.0673924730127592,0.0952101946176022,-0.000673377984470415,-0.00604817401132696
2,120,99,0.0575236998295585,0.103133050586011,0.000387894083015648,-0.0043049758418856
2,120,100,0.0468375065709691,0.0925685618601729,-0.00224010831983084,-0.00819511346476487
3,120,1,0.0841787753197642,0.136070931114827,-0.00857188130317613,-0.00262072075883755
3,120,2,0.0707075812381228,0.138181398088809,-0.00233325229192715,0.0166009685764082
3,120,3,0.0885839682002969,0.130813578865376,0.0057805687335205,0.012714780287582
3,120,4,0.0965582136443473,0.12264582532824,-0.000463660117048707,0.00256404558847439
3,120,5,0.0755026991815717,0.121278261013155,-0.00392446026574554,-0.00358492315559676
3,120,6,0.0825489140367197,0.119708072427439,-0.00813475173591527,-0.00860254854313188
3,120,7,0.0770031118558843,0.12892246563651,-0.00308138412306418,-0.00230588091785948
3,120,8,0.0796644778277967,0.129916316041595,0.00179074889174574,0.00282350165532955
3,120,9,0.0843912540208107,0.129387208346054,-0.00585421191607577,-0.00120125012886385
3,120,10,0.0883402788222678,0.150296470256554,-0.00457193038856927,0.0286339804556654
3,120,11,0.0851475729863128,0.127356395226971,-0.0012058869195251,0.00194912265796523
3,120,12,0.117361671821322,0.139871896757125,-0.00932602396531029,-0.00984502086446771
3,120,13,0.0871283340877392,0.128789082938386,-0.00647625101865161,-0.00433208611281709
3,120,14,0.0781191119372532,0.121065852139453,-0.0079708836709143,-0.00865667363001399
3,120,15,0.0830227952817399,0.141008663087042,-0.00801599554237587,-0.00175324250721604
3,120,16,0.079318840471831,0.127618428803655,0.00355273815222258,0.00680920831710936
3,120,17,0.101790838903498,0.130102547034492,-0.00774006386453523,-0.00296755292381574
3,120,18,0.102448465703815,0.169153479623943,-0.011024342390701,0.0205250597038491
3,120,19,0.108559661495178,0.134073145584514,-0.00978876448347123,0.00319483480485071
3,120,20,0.0775186071723447,0.154796005621907,-0.000951771549626915,-0.02470381852709
3,120,21,0.132170164911186,0.109662564033808,0.0154136740166742,0.0053198202976126
3,120,22,0.0880765667854277,0.133819384752937,-0.0103030681843161,-0.0075203399855016
3,120,23,0.0872440600333809,0.135843109480197,-0.0130935052387032,-0.00795567084910859
3,120,24,0.0839056865916618,0.129211702451246,-0.0102992237640974,-0.00375048021711655
3,120,25,0.0886249038585243,0.141450983448454,-0.0113236891028716,0.00485517075864463
3,120,26,0.113165408503135,0.149306593960755,-0.00982726172344792,-0.0200150879786801
3,120,27,0.0909238367161747,0.151390277273163,0.00574752626890832,-0.0140878259493714
3,120,28,0.0799862800095051,0.12861168934529,-0.00169970081625728,0.004929171105637
3,120,29,0.0735168195271514,0.106164509041912,0.000128628979405755,-0.00381494044433604
3,120,30,0.0677801770765618,0.10805748771291,-0.00367640220145933,-0.000179971441573595
3,120,31,0.0827061825577034,0.11466196548513,-0.00421824727552176,0.00169542231537204
3,120,32,0.103313368370974,0.149510698266474,0.00224204327842536,-0.00416742047277559
3,120,33,0.0791112357749651,0.138710405325776,-0.00038762051045434,0.00601626482375616
3,120,34,0.0760406602978901,0.125303794290452,-2.13942869969057e-05,0.00142713014404827
3,120,35,0.0701389852536734,0.123141184907505,-0.000456722393252178,-0.000181856331328511
3,120,36,0.0698756111142538,0.118951444591562,-0.0110501657010326,-0.00974510060235107
3,120,37,0.0840636854806426,0.12882600052639,-0.00278754473635901,0.00146298411540352
3,120,38,0.084336974712612,0.126220576758577,0.00147034188657952,-0.0109139540596936
3,120,39,0.0737555027480079,0.118095140885076,0.00265249794752057,0.00441721898147136
3,120,40,0.0900669531597263,0.131825792837889,3.84550301059557e-05,-0.0106633438627394
3,120,41,0.109282033897108,0.158038377384419,-0.0123521945089392,-0.0263464609602688
3,120,42,0.0971818968885139,0.137982239085756,-0.0136074283822228,-0.0245762498235276
3,120,43,0.0834501114566612,0.131079514070496,-0.0052927734218475,-0.00211271503105868
3,120,44,0.0749166159013464,0.129473578742428,0.00140482597035928,0.000219370667699017
3,120,45,0.0871004036170878,0.134173582232893,-0.00477665798428818,-0.00184332919314157
3,120,46,0.0797937730173639,0.125673045786049,-0.00342541070018943,-0.00360523520297051
3,120,47,0.0862059131449257,0.155983631020621,0.000854669121925664,-0.010901113057181
3,120,48,0.0860310224186415,0.137053777636962,-0.00125481760593449,0.00260919159360433
3,120,49,0.0858642115201668,0.132907107535869,-0.00392036589177481,0.000479064915807394
3,120,50,0.101109830339918,0.148085862295804,-0.0123200232833326,0.0052483898927504
3,120,51,0.0748768615471246,0.118075988728168,-0.00509558052019306,-0.003733618358936
3,120,52,0.0796096850133451,0.134156861343793,-0.0024066185547515,-0.0043591841797843
3,120,53,0.0709551736263249,0.109348412945423,-0.0018068636364814,-0.00101699037938632
3,120,54,0.0830350800580592,0.123190098854368,-0.00906975392836228,-0.0111821205880975
3,120,55,0.33507563594495,0.161310807856512,0.128218882462955,0.015703104624921
3,120,56,0.0749449461375892,0.11677205809352,-0.00134840815062895,-0.00128987737245409
3,120,57,0.0783454129964955,0.134064109145656,-0.00503241241459802,-0.010402188011418
3,120,58,0.0891416454819887,0.124038147820609,-0.00696936246486624,-0.00743380244834871
3,120,59,0.0784776435439235,0.113266083097803,-0.000198179652820331,-0.0005938039163154
3,120,60,0.0767914767408881,0.130182523728298,0.0111946762666663,0.01798698585188
3,120,61,0.0860680133558006,0.12347200502183,0.0054341817082257,0.00192764384511728
3,120,62,0.0783001920793126,0.134137768682971,-0.00104225366658446,0.00196064395414396
3,120,63,0.133273630151576,0.14882943465645,-0.0178214480997325,0.00647147662573596
3,120,64,0.0820689814357107,0.126013342940946,-0.00454124528855834,0.00220170692244108
3,120,65,0.0786221623009097,0.125009866882046,-0.000559454881405362,0.00363108783386524
3,120,66,0.0765272187864103,0.118652003887007,-0.0102142862736572,-0.00518902693258395
3,120,67,0.0759718613969657,0.128005802568263,-0.00265614349682895,-0.000390228209839046
3,120,68,0.088976169332254,0.123175730228669,-0.000975384093401166,-0.00589017158687377
3,120,69,0.088341364814919,0.128600655423941,-0.00912456703269532,-0.00755124580250259
3,120,70,0.124112930815635,0.13369154296111,0.00578448177988468,-0.00496030985076765
3,120,71,0.078399688740129,0.10901284342893,-0.00586210971931696,-0.00605578589099421
3,120,72,0.146636431909711,0.120281079594421,0.031273302923003,-0.00833056886086511
3,120,73,0.0730583515777463,0.131047687968249,4.18162438888071e-05,-0.00371337613210572
3,120,74,0.0838135398259069,0.151043357639356,0.00148641556622259,-0.0113396820483672
3,120,75,0.0766066357047463,0.126446750932387,-0.00232965146785043,0.00256233695225954
3,120,76,0.0772425832600286,0.115046680670426,-0.00585031150599648,-0.0151108234556953
3,120,77,0.0891815770241375,0.131860203447789,0.00365917163012539,-0.00468045262540151
3,120,78,0.0770500658953528,0.127166944745317,0.00247682752789258,-0.00253626992220659
3,120,79,0.106020877199459,0.168436092863997,-0.00270477067286032,0.0319046874139852
3,120,80,0.0729511068162041,0.114084884074714,0.00418992033324578,0.00613551147678399
3,120,81,0.079565855574943,0.141034082972663,-0.00550929047075537,0.0143714620229832
3,120,82,0.101276047978903,0.134342404626303,-0.0182962194689929,-0.0229929770455124
3,120,83,0.101791564397542,0.14673928394825,-0.00602073539725541,-0.0205412572979191
3,120,84,0.0731670286210863,0.12008661637271,-0.00357152634876874,-0.00121611491524738
3,120,85,0.0890790400950774,0.14027857090629,-0.0108722395644813,-0.00623008286864101
3,120,86,0.0776211216238928,0.124266363707089,0.00325251981263859,0.00587415219963002
3,120,87,0.0831706756677559,0.123822147396937,-0.00826816769405662,-0.0141606528458524
3,120,88,0.100638691700109,0.160974988333776,-0.00408992035046715,0.00508497848858465
3,120,89,0.0893818253899708,0.130534549552869,-0.00884896555828889,-0.00183215033875419
3,120,90,0.0900316100134727,0.126608027386467,-0.00921634279650127,-0.000714642113045834
3,120,91,0.0847863987820685,0.126438131368982,-0.00943074233398212,-0.00633204706758116
3,120,92,0.102925416046539,0.118355494657983,-0.00492920128817949,0.00278434202465047
3,120,93,0.0883555101951828,0.170057422469656,0.0017845782856748,-0.0194594201638166
3,120,94,0.0983095181087357,0.149364896779281,-0.00397762434623485,-0.0232364539890018
3,120,95,0.0903060332674927,0.147541163810446,-0.0035461706258043,-0.0257249523761748
3,120,96,0.0833569781754673,0.175214950113554,-0.00856330729913166,0.030079441127188
3,120,97,0.0728177216873153,0.122341283382864,-0.00499745745877174,-0.00298265940971971
3,120,98,0.0936356171750171,0.140219396740799,-0.00461295881054559,0.00158705882928891
3,120,99,0.0896597112567573,0.15220949335651,-0.00349995817328824,-0.00465932868836382
3,120,100,0.0855679878820615,0.134085526772901,0.00451160918152823,-2.63724034438167e-05
4,120,1,0.0822672828450858,0.118926725308169,-0.00092945056866008,-0.00790481109556932
4,120,2,0.0885044324452774,0.126781983134033,-0.00818281420287887,-0.0164212272143049
4,120,3,0.0951312557796347,0.128783395664342,-0.00233435629611123,-0.0133424127936674
4,120,4,0.101673117882891,0.126626985530051,-0.0017944000553383,-0.0151557153168816
4,120,5,0.0815319292935147,0.121380594307301,-0.00486576975784691,-0.0102156078439845
4,120,6,0.0942915924495978,0.118849999599877,0.00561404876229164,-0.00830928454818175
4,120,7,0.0839575021999423,0.120365234709464,0.00099775772444468,-0.00617637599501021
4,120,8,0.0878883602498676,0.163893284749733,-0.00419205078558061,-0.0488086941753099
4,120,9,0.0962175896915212,0.130474647734093,-0.0118892212181969,-0.0232670322377703
4,120,10,0.0949741532451438,0.117653629926467,-0.00110469488478578,-0.0111057262722616
4,120,11,0.0918947430977842,0.126804111210689,-0.00292614310830542,-0.0116007549352332
4,120,12,0.0913352575236014,0.124455764461071,-0.00194181415312197,-0.0106979727225932
4,120,13,0.0941363024820283,0.196533845958973,-0.00510841020838191,-0.0243791953306261
4,120,14,0.0846601130498007,0.114617303807381,-0.00584469679880572,-0.0126442748214037
4,120,15,0.0886379975318859,0.126041093271078,-0.0100243735529786,-0.0174072309770006
4,120,16,0.0833970855885703,0.11789842414149,-0.00446789999187727,-0.0110429209441058
4,120,17,0.0765687083265235,0.119847328618827,-0.00382340893399596,-0.00803120844578074
4,120,18,0.0884061592528898,0.12438465822152,-0.00700137699085338,-0.0139207268202224
4,120,19,0.0934708808193676,0.121389637095233,-0.00538833057668749,-0.0140947770888172
4,120,20,0.0887496330648761,0.125585721929547,0.00328367446448732,-0.0095193749356453
4,120,21,0.0885183577294646,0.142194956299777,-0.0076267063768506,-0.0396644685416019
4,120,22,0.0860356638898704,0.11783927012014,-0.00463385043035876,-0.0110673904853321
4,120,23,0.0966913938851588,0.266557376946703,-0.00309692535739319,-0.118402892936766
4,120,24,0.093345640946856,0.131329720146014,-0.00333642786557975,-0.0123720116830173
4,120,25,0.0816928839534615,0.117815223139435,0.00178956121443134,-0.00446180510121639
4,120,26,0.0897414846641815,0.130952103473833,-0.00809609959781776,-0.022110281779315
4,120,27,0.0867726792207767,0.120973233990232,-0.00297489497922379,-0.0120143322220624
4,120,28,0.0910893599577587,0.122598894331311,-0.00116671182169535,-0.013198914978874
4,120,29,0.0853927950042322,0.115673333935715,-0.00160896227174627,-0.0058281952163436
4,120,30,0.0946372352350154,0.128393877430175,-0.00465834642934717,-0.0181278616100404
4,120,31,0.0837331381980683,0.117355741983011,-0.00383804376458668,-0.0120667906439246
4,120,32,0.0900695734500146,0.118029640974559,-0.00853317144180116,-0.0149190981217659
4,120,33,0.0954506056974744,0.124538780507912,-0.0058036715684635,-0.0166599499691544
4,120,34,0.103467867909786,0.123634303894975,-0.012739850697154,-0.0205994901425752
4,120,35,0.0915131565274574,0.127057523594532,-0.00982319638204066,-0.0165572722514312
4,120,36,0.0742433750332195,0.11523694581576,-0.00370890495914151,-0.00985751497756604
4,120,37,0.0874637069636919,0.123087954562027,-0.00596301051076957,-0.0164443454070361
4,120,38,0.0882706606236393,0.119640757713496,-0.00044230909649453,-0.00533371669780704
4,120,39,0.109108715449891,0.127617261676183,-0.0043209788147072,-0.0201617666524315
4,120,40,0.0894107787113293,0.126120157758258,-0.00440048710865166,-0.017510940455214
4,120,41,0.0759222839760964,0.112242563974256,-0.00082861160730226,-0.00731870432741519
4,120,42,0.0907686142378585,0.120077782434293,-0.00333396437700252,-0.0125044495433987
4,120,43,0.0879196325816387,0.116366878694386,-0.00138253919805746,-0.008021783779281
4,120,44,0.0825774565808608,0.121234892153654,-0.00271825243234151,-0.0109089845630413
4,120,45,0.082053305889586,0.110138587943386,-0.00445511039595422,-0.00770617175370624
4,120,46,0.0939815694397978,0.122006901725553,-0.00180925447079899,-0.0113669235642941
4,120,47,0.0904598873034115,0.126213258682941,-0.0082377202511337,-0.0191635150535664
4,120,48,0.0980688618888455,0.1152771514045,-0.0101259456685263,-0.0152822251407272
4,120,49,0.0820045949895368,0.113435025063379,-0.00325737615797078,-0.00670410122095668
4,120,50,0.0919126224945016,0.120219445475759,-0.00823570759364797,-0.0145549174689755
4,120,51,0.0964747454670792,0.119780598438598,-0.0041090491983842,-0.0162418107159858
4,120,52,0.0860208086560373,0.120717714383407,-0.00244464790189912,-0.00952818315614696
4,120,53,0.0726264073543094,0.114570356307476,-0.00346710589802622,-0.00800525919710312
4,120,54,0.09952985557464,0.133446940952675,-0.00995849014668376,-0.0251283908683264
4,120,55,0.0947464863867412,0.126263709850479,-0.00918938983577735,-0.0206968367559904
4,120,56,0.0828155010682819,0.121138404386997,-0.0022273330434721,-0.00878699912423037
4,120,57,0.10344689265025,0.132023089087732,-0.0150300061783247,-0.0273089566399227
4,120,58,0.103297887881349,0.12949421708759,-0.000244336250965309,-0.0138306872657214
4,120,59,0.0907665720152695,0.135701052192699,-0.00807039196989993,-0.0229462000118821
4,120,60,0.0802228752320858,0.119339424407238,-0.002989535261053,-0.012250793521404
4,120,61,0.0923991190530102,0.120340992581411,-0.00183024896102562,-0.0120763220943675
4,120,62,0.0809353388304665,0.116298343003138,0.00464716133904879,-0.00272675224770236
4,120,63,0.0936305789268995,0.165358956255315,-0.00648504492416965,-0.0598802460678131
4,120,64,0.097372467238095,0.131755954727909,-0.00656558092562132,-0.0157261422634502
4,120,65,0.0804030117164336,0.113320305082837,-0.00458812951892196,-0.0103968708152556
4,120,66,0.0908083345666596,0.130634685199921,-0.00384740442550076,-0.0141607192914216
4,120,67,0.0834975159171461,0.123036342880938,0.000959960356985311,-0.0120073167513632
4,120,68,0.0918176426665886,0.118273765508171,-0.00487809804771851,-0.0121009575445767
4,120,69,0.0843349366943936,0.115466983987174,-0.00414389573172511,-0.0112093043095797
4,120,70,0.0897875791212344,0.122649224781133,-0.0053318463330799,-0.0176553093760259
4,120,71,0.0931874683211096,0.128358400849239,-0.00669657950041188,-0.0149293814939461
4,120,72,0.0837564911160179,0.129604013629465,-0.00704650970945658,-0.01929062657488
4,120,73,0.0989387444021678,0.129198181410759,-0.00507402451305103,-0.0143405128213362
4,120,74,0.0884604175694144,0.121723660231558,-0.00655977176381615,-0.008702901010936
4,120,75,0.0792789678948486,0.132699039991379,-0.00712073995747388,-0.0196573070980508
4,120,76,0.0834709113556437,0.129690677752626,-0.00618890845751767,-0.0153489633094529
4,120,77,0.0855832449688505,0.190493931915377,-0.00315726582862666,-0.0624592036791501
4,120,78,0.103285523089043,0.125164357686044,-0.000467752279123231,0.00164582246630215
4,120,79,0.0803355513679664,0.11552911299723,-0.00334972974686206,-0.0117408635897667
4,120,80,0.0864508013110245,0.124296040037183,-0.00394900798851349,-0.0131586229304542
4,120,81,0.0974010641463059,0.131340916770981,-0.00910522170671991,-0.0189447212231328
4,120,82,0.0948986531251653,0.11983274641547,-0.00718239439375624,-0.0113309551679003
4,120,83,0.0805820114147428,0.116508088899745,-0.00474096210396313,-0.0101554876913735
4,120,84,0.083686615508825,0.123034990250645,-0.00378147277749446,-0.013635409735459
4,120,85,0.0969510654910105,0.120816934230627,-0.00604375064691415,-0.017321341256387
4,120,86,0.088552157863628,0.125974288389683,-0.00438006779495392,-0.0146662972524145
4,120,87,0.0802895917757241,0.11851643410696,-0.00731640025634737,0.00928291697964456
4,120,88,0.088624024171065,0.115761754789861,-0.0035678571671043,-0.0111615509917828
4,120,89,0.0857342778375092,0.123647678587285,-0.00788049935863396,-0.0198911152759334
4,120,90,0.0934485021891787,0.123033870709083,-0.00094612248366697,-0.0134446409623956
4,120,91,0.0772830513227838,0.122640508577981,-0.00451890295970888,-0.0146318143831584
4,120,92,0.0904861948579109,0.118454838078166,0.000236275801823682,-0.0113205926927885
4,120,93,0.104035658925893,0.128896677029943,-0.00380976580658409,-0.0151604881827651
4,120,94,0.0900063922888296,0.11911960725345,0.00409538090320385,-0.00657611193305126
4,120,95,0.0949846509148236,0.215873508564228,-0.00528962497155605,0.0953178097812608
4,120,96,0.0878701061277501,0.119422578411127,-0.00134980718272203,-0.00854235332648016
4,120,97,0.0842603450447617,0.125481749289817,-0.000303677270093221,-0.00688474451959938
4,120,98,0.099213418058034,0.127020028960699,-0.00559804903334879,-0.0148213090114438
4,120,99,0.0830082666497899,0.118871778414128,-0.0073514674787706,-0.0100588662008694
4,120,100,0.0925417182797463,0.122042169817191,-0.00267976906124304,-0.0137341779604128
1,240,1,0.097756264387324,0.159252791621188,-0.00217703660969429,0.00139998271049457
1,240,2,0.0542565061196167,0.147848440947125,-0.000689536057599408,0.00149759906198496
1,240,3,0.0654930127148417,0.244888581127055,-0.00594113570291983,-0.0588855641864137
1,240,4,0.0686645354063228,0.158386218737243,-0.0010349111335768,0.00711782456970801
1,240,5,0.0666235283621252,0.232555150138823,-0.00694652527001589,-0.0526424186746856
1,240,6,0.0534378411460459,0.151511504570147,-0.0035600763225861,-0.00433335913690838
1,240,7,0.060353356540127,0.170227818563417,-0.00124184312367567,-0.0162355607066019
1,240,8,0.0925877605337821,0.171770031887348,-0.00718128059147372,-0.0132482094009797
1,240,9,0.0995870882581338,0.163883499465768,-0.00274159491315178,0.00392732544833506
1,240,10,0.0620282791390189,0.159828297529709,0.000220982439303302,-0.0014293649550287
1,240,11,0.0571556055392076,0.157456825250876,0.00019988021142037,-0.00217636770010828
1,240,12,0.0696748135000434,0.158519847457575,-0.0021742537150912,0.00220632026921606
1,240,13,0.0633178747327711,0.152783639163211,-0.00497518375784926,-0.00854674268961124
1,240,14,0.0563013194569754,0.148785274960497,-0.000166136538537067,0.00253431715662585
1,240,15,0.0645116544907989,0.163320894775771,-0.00560014966144258,-0.0239429297751348
1,240,16,0.054023342937316,0.148193396371031,0.00129442944652064,0.00314530143406013
1,240,17,0.0590086414510034,0.179550560132066,-0.000296490725825341,0.0154168476420394
1,240,18,0.0741163396348011,0.15631703522807,-0.00871492188299363,0.00222243767349499
1,240,19,0.085987946386414,0.170299948195262,-0.00369795382286731,0.00834569714910083
1,240,20,0.0671485763673147,0.182250388090286,-0.00755124442259756,-0.0331166547958311
1,240,21,0.0723153868100622,0.164318477944145,-0.00495124085308764,0.00456570415576823
1,240,22,0.0586767179048714,0.162079581538888,-0.00278842729012187,0.000880490541104015
1,240,23,0.0599765818060503,0.177234060690684,-1.43381259001125e-05,-0.0147369993461225
1,240,24,0.0655585012559209,0.172933478290942,-0.0016396371428787,0.0131216774102264
1,240,25,0.0711606327257357,0.154439559664048,-0.011287911201527,-0.0110817530386428
1,240,26,0.0542301540274787,0.140419061011967,-8.91193196532191e-05,-0.00361841066580348
1,240,27,0.0628939820771127,0.175716558996572,-0.0104230508733519,0.00539965591216946
1,240,28,0.0638804676744454,0.148649663247659,-0.00293267722680031,-0.00353511546813026
1,240,29,0.0555986485223484,0.152025525834702,-0.00286216095460885,0.00364678610881522
1,240,30,0.054814317363824,0.133989583026147,-0.00389673134173615,-0.00285899321404288
1,240,31,0.0672022640684714,0.168254087365126,-0.00774317854209039,6.44930641601086e-05
1,240,32,0.0941652720589704,0.163109967275384,-0.00676068846331662,-0.00299890485007029
1,240,33,0.0614238955239013,0.17475671570744,-0.00167361973556981,0.00468569983943933
1,240,34,0.0730194265113724,0.154938676039207,-0.00564600509329367,0.000480373296764879
1,240,35,0.0592812060932078,0.163605789945579,-6.20922529003541e-05,-0.0017568369696888
1,240,36,0.0677883082696777,0.154236355735175,0.000103573040439124,0.00351996568543899
1,240,37,0.0499468122601237,0.132121844161659,0.0011050407712733,0.00330961833386495
1,240,38,0.0698805062877955,0.1602962666983,-0.00788085805703258,-0.00852694733314855
1,240,39,0.10113672485106,0.167987819877917,-0.00378199076514848,-0.0107984032855362
1,240,40,0.0956992896288413,0.165438505069488,-0.00423959849756723,0.00900568462182774
1,240,41,0.0575598994421685,0.152503545900293,-0.00324524995260811,0.00252396276407544
1,240,42,0.0768118857092649,0.162422297268623,-0.00699110605274667,-0.0170728581477573
1,240,43,0.0829814683388023,0.175931223240746,-0.000179548126791635,-0.010916468479073
1,240,44,0.0614033190256696,0.166679934873233,0.000401217365170726,0.00788735330000312
1,240,45,0.0616514459527066,0.156197890465345,0.00072505763626268,0.00151524551876572
1,240,46,0.0641412127103395,0.169167155376783,0.00367757143365713,0.00306264273343049
1,240,47,0.0558237587350457,0.147686477917534,0.00270082627222663,0.00487751472396989
1,240,48,0.0579328324483334,0.163118012391892,-0.00099266814672259,0.00360938869622142
1,240,49,0.0546872268244673,0.164520252337218,0.00463751422871742,0.00992978933414351
1,240,50,0.063081243105581,0.156529092668459,-0.00444774988975043,-0.00231977336884883
1,240,51,0.0638024831913922,0.167507262710987,-0.00112273996361852,0.00907433587899359
1,240,52,0.0657416285311588,0.119083511453833,-0.00329759750897121,0.00176806837004505
1,240,53,0.0545572436352899,0.132685451648695,0.000725565006024198,0.00149187481268672
1,240,54,0.100958389788113,0.169466371724234,-0.00691008569736039,0.00209146972201198
1,240,55,0.0612379744836391,0.146284913521241,-0.00921938720681695,-0.00137830706737644
1,240,56,0.0562240359025102,0.16534567202722,-0.00368129260633435,-0.00357334447952037
1,240,57,0.142045814566042,0.196115275968892,0.0167273913440582,-0.0182359590632516
1,240,58,0.0957733036858042,0.152377327152068,-0.00794412733072256,0.000426857582948107
1,240,59,0.0736852831084049,0.167590501063908,0.00246368915834611,-0.0295682521511108
1,240,60,0.0685737856573504,0.161663171480854,-0.00985713336064703,-0.00439979397937697
1,240,61,0.0990609244013253,0.100186971929891,0.000149286565525702,0.00231006348792027
1,240,62,0.0849347263199684,0.101046450050548,-0.0145496545094118,-0.00226850190155344
1,240,63,0.0520497523904609,0.158213717851066,-0.00127512383767036,0.00263037628034458
1,240,64,0.157120071331973,0.300598286670052,0.00794004393566867,-0.061297428437852
1,240,65,0.0595356769823519,0.152433425069165,0.00168514673406358,0.00454702710212736
1,240,66,0.0560105256942339,0.154897871334399,-0.000696658099099065,0.00251725459110358
1,240,67,0.0632416615358427,0.16130625919308,-0.00231041531015886,0.00221663378368898
1,240,68,0.0625478900625217,0.165174598882918,-0.00366245997374621,0.00332378581594959
1,240,69,0.0690721582220343,0.170386886726076,-0.00712559195739717,-0.00890438432860599
1,240,70,0.0716617304671644,0.156491181135022,-0.00435401583929461,-0.00321382978542975
1,240,71,0.0717249321328381,0.172912333690644,-0.000105619142948665,0.00477438701482804
1,240,72,0.0622255119719968,0.156584328444573,0.000278033972500857,0.00408233342224477
1,240,73,0.0542286623240822,0.131772807259998,0.00102642958613296,-0.00518773670648495
1,240,74,0.0592329621415937,0.162018454541977,-0.0002722422975398,0.00259877010446614
1,240,75,0.0921735040504795,0.252295349749681,-0.00846581079104262,0.114451921323532
1,240,76,0.0664236567747089,0.165726720618659,-0.00981767089001829,-0.00679442671154977
1,240,77,0.0611987138179031,0.161384323786699,0.000772752453314906,0.00672681628415799
1,240,78,0.0607756202831284,0.154952362307432,9.61393926155828e-05,0.00242279287962545
1,240,79,0.100881812104847,0.117535703597163,0.00280026374429453,-0.0126519784435327
1,240,80,0.0749679437585813,0.161753668727849,0.00284669362549829,0.00277510995155441
1,240,81,0.0990344992469707,0.171968534002396,-0.0106800529952829,-0.000313248796158024
1,240,82,0.0535505906735052,0.146192266504401,-0.00348602275009742,-0.00162430331508568
1,240,83,0.0650953846842287,0.187118379354082,-0.00508230875289276,-0.0233261842003367
1,240,84,0.0583045779800353,0.144282061916243,-0.00570647177224494,-0.00685697779045921
1,240,85,0.0733364331608523,0.163952553589637,-0.00397024022882733,0.00532423556894079
1,240,86,0.0699283378005359,0.157357348016584,-0.00178178327679532,0.00626606169561249
1,240,87,0.0767675358580007,0.176886111984897,-0.00400708031940142,0.00029206558609264
1,240,88,0.090992727215872,0.192195374895913,-0.00172487501577629,0.0194753408749584
1,240,89,0.060448125465157,0.14133554792059,-0.00228676626445356,-0.00174735266773531
1,240,90,0.0598278981425217,0.153375266094136,-0.00399646388182612,-0.00292426508859446
1,240,91,0.0531289587326128,0.141306152383104,-0.00144101692323032,-0.00483540465987862
1,240,92,0.107716210815462,0.187860350086751,0.0063318739203755,-0.0236222008379903
1,240,93,0.056696950290141,0.171315084886004,-0.00462754596470036,-0.0348841621611659
1,240,94,0.0623970278523035,0.162149463485356,-0.00444013952632124,0.00531431328808039
1,240,95,0.100542436116549,0.172117887483292,0.00597837605727182,-0.0125559338664918
1,240,96,0.0719747687540248,0.163960428223459,-0.00505836530871492,0.000172677459535302
1,240,97,0.0643999368723217,0.156406315271686,-0.00456547298578264,-0.00967475942892913
1,240,98,0.0562132968699781,0.161286712176737,0.00631310933054692,0.0101824824347543
1,240,99,0.0576039125047447,0.182545759985278,-0.0016544650378188,-0.0228674027512054
1,240,100,0.0647434878172496,0.160321324165448,-0.00228446393906471,0.00604882351405234
2,240,1,0.066472150803194,0.0921847520622861,0.00089273684466608,-0.00390777170275974
2,240,2,0.0858644590849739,0.0958006644364912,0.00253284931970884,-0.00316955829405876
2,240,3,0.0533283014947737,0.0964134482806361,-0.00309827246016105,-0.00642236237717706
2,240,4,0.0493198875405544,0.0891946069651203,0.00339528485577431,-0.00178379054213995
2,240,5,0.0518100578135464,0.0963604909623103,-0.00163844271351255,0.0097624985507547
2,240,6,0.0520463443219478,0.092529157518827,-0.00287249393024317,-0.00676228141697259
2,240,7,0.0513377294120264,0.0899914704401468,4.18686550092197e-06,-0.00318716811131022
2,240,8,0.0488563379352016,0.095047034010465,-0.000640175112426304,-0.00237084840212644
2,240,9,0.0490753956343609,0.0901837904121315,0.000213954222839853,-0.00182119186585424
2,240,10,0.0491039445475994,0.0869174266990725,0.0017547904600654,-0.00470584482373178
2,240,11,0.0615645943689482,0.0953429105408063,0.00369958145218222,-0.00571166661449081
2,240,12,0.0492769590153779,0.0946627068043438,-0.00182077289971861,0.00416022417328879
2,240,13,0.0535129408913398,0.0882109330226182,0.000514319862932728,-0.00948777552691638
2,240,14,0.0498689610664521,0.0924645223572415,-1.17412178791462e-05,-0.0047684509252544
2,240,15,0.0422633486832582,0.088257210635162,-0.0015722572174817,-0.00520707197458086
2,240,16,0.049581168207212,0.0870936700988264,9.77345625819679e-05,-0.00210212786927657
2,240,17,0.0466186645453898,0.100652912794105,-0.00040301198785497,0.00909687153990634
2,240,18,0.0408155548203148,0.0938821497337993,-0.000756215109974352,-0.0055314035871139
2,240,19,0.0486478648070719,0.0957254080734522,-0.00265183493735783,-0.00652497695714424
2,240,20,0.0523091227057903,0.0918332103876147,-0.00130581456804026,-0.00581184087315203
2,240,21,0.0493080263732753,0.0906661239906019,0.000689600775023574,-0.00188352153221111
2,240,22,0.0517143273579258,0.0945426792803288,-0.00452960211661994,-0.00727651083963411
2,240,23,0.0488379229672421,0.0950959949994331,-0.00371225292270938,-0.00747070664901359
2,240,24,0.0656490488373558,0.0932091811446162,0.00614759447310381,-0.00189397492728335
2,240,25,0.0505949235068011,0.100054237618831,0.000365445964725711,0.0133331429487758
2,240,26,0.0523872978181573,0.104400106860903,-0.00213738115914086,-0.00491521969398387
2,240,27,0.0518267613013426,0.0902100237228555,0.00118833392669273,-0.00239605238281075
2,240,28,0.0484356975695419,0.0930483578662434,-0.00480378789943938,0.0028694959310062
2,240,29,0.0533161655134032,0.27289843583174,-0.00366933873044224,-0.0907515012218355
2,240,30,0.0745447461505113,0.0870544899101822,-0.00559051484792096,-0.00318674688197703
2,240,31,0.0715518446530793,0.0901982887632179,-0.00793008816540804,-0.000850387335059863
2,240,32,0.0509028842199378,0.0860166473685035,-0.000904547920570587,-0.00495831835785283
2,240,33,0.0389241302592824,0.0879798936262006,-0.00084215315142171,-0.0020377483953342
2,240,34,0.0534263441780228,0.0976630569264484,-0.000163561736305669,0.00615870020557064
2,240,35,0.0511514268757564,0.0907863752694858,-0.001700463801774,-0.00448381371015794
2,240,36,0.0494686758250354,0.0919162951678358,-0.00208426798055523,-0.00611800389123845
2,240,37,0.0501853136281057,0.0909057942321756,0.000264060864257665,-0.0024882334786379
2,240,38,0.051196093116503,0.0951336704921111,-0.00256639722621562,-0.0119861453990157
2,240,39,0.0581848997141863,0.0839193253725972,-0.0027570628804006,-0.00330097905203639
2,240,40,0.0518113329677399,0.0931203522908183,-0.000953896905534201,-0.00479611284807442
2,240,41,0.0498822493731576,0.0971994308493739,-0.0045870705721643,-0.0092380732444264
2,240,42,0.0506302982558645,0.0920606249823483,-0.00153803379999487,-0.00457325436193432
2,240,43,0.0554400240547191,0.0990439159536919,-0.00375069866583975,-0.0080170825209874
2,240,44,0.0538275842431599,0.0943389132837184,-0.00445648745196169,-0.00691174787825174
2,240,45,0.0495002871289457,0.0874779579167428,-0.000401339061243143,-0.00395037845494753
2,240,46,0.0455408264275527,0.0862511815939084,-0.00262530650089036,-0.00373828442227977
2,240,47,0.054152769589663,0.0949438766063018,-0.0032467408034745,-0.00175233571755474
2,240,48,0.0699014471935701,0.094959945434798,-0.00165504010533161,-0.0033064078194312
2,240,49,0.0666542569560251,0.0992024558471323,0.0062946793661474,-0.00401991486981429
2,240,50,0.052567431864866,0.0968792847541226,-0.00292363598070224,-0.00567980939164109
2,240,51,0.0561403761194344,0.0932546841834287,-0.0026829443390153,-0.00679878600796843
2,240,52,0.0571904406380597,0.0994531349335906,-0.0016947639824794,-0.0179708943928401
2,240,53,0.0581081625575767,0.098000709185563,-0.00402837870404416,0.00774968677481608
2,240,54,0.0622705477316063,0.0897809503073045,-0.00337290408733971,-0.0066880263263615
2,240,55,0.0629690835697713,0.0943949336347376,0.000320117602959656,-0.000720735131024649
2,240,56,0.0474602393569675,0.0945693599806149,-0.00172104928800165,-0.00572081778054508
2,240,57,0.0446436680995074,0.0874932767650977,-0.00294736839172395,-0.0077685631645496
2,240,58,0.0476356188135638,0.0990379905509636,0.000908364418980836,-0.00368361910225213
2,240,59,0.0527798898074955,0.0899312469784826,-0.00521528313941594,-0.00763821497163414
2,240,60,0.0517741726769027,0.0955885766408692,-0.00206991324041261,-0.00575557839161555
2,240,61,0.0636631563083788,0.0897049800400167,-0.0052277552456756,-0.00388637764194322
2,240,62,0.0495459930476263,0.0905910615106821,0.00171546990258247,-0.00567604489719651
2,240,63,0.051001456684166,0.0934455721739962,-0.00102386537607043,0.00252848454129893
2,240,64,0.0536265023020116,0.0924700142305875,0.00239528518501684,-0.00285121088770182
2,240,65,0.0504485400052998,0.0868955529415419,-0.00299072812766186,-0.00264763640785971
2,240,66,0.0492935781880185,0.099865744925418,-4.22195231619782e-05,-0.0180704279501043
2,240,67,0.053192270673423,0.0925469454399099,-0.000846482932133585,-0.00401294059889128
2,240,68,0.0548169981834772,0.0939004977786161,-0.0023519651821708,-0.010597190673262
2,240,69,0.0656928745578673,0.0945760055238616,-0.00974051679416697,-0.00626986701655258
2,240,70,0.0737243527725061,0.0907139708191706,-0.0119628458410509,-0.00946832359552231
2,240,71,0.050998378132848,0.0859747166825702,0.00201503070757233,0.000737221671445061
2,240,72,0.0484170467442941,0.0902081857565736,-0.000951238035224089,-0.00420733019262625
2,240,73,0.0507233187568359,0.100971970101117,-0.00120895160926774,0.00219168325119942
2,240,74,0.0521543888278652,0.165098220587288,-0.00034159603511006,-0.0384201113986547
2,240,75,0.0534671923287274,0.0940930179231829,-0.0019065603101566,-0.00705806089401243
2,240,76,0.0633987979852374,0.0890842849955526,-0.00705568357655307,-0.00583984458702725
2,240,77,0.0617686009598636,0.0965048464440134,0.00217173451925754,0.00482671934127189
2,240,78,0.0523448205245064,0.104105351181017,0.00155208674031042,-0.0170805189826115
2,240,79,0.0565395415723808,0.0942360268644193,0.00197640219237653,-0.00175913931212601
2,240,80,0.0479361610968779,0.152442594501604,-0.000479311028148887,-0.0480993316056451
2,240,81,0.0625896510841971,0.0945081513650559,-0.00239929244780397,0.005579093356517
2,240,82,0.052325615964004,0.0933665310451574,-0.00434976312655613,-0.00575662381180753
2,240,83,0.0489246625718442,0.0917066973840853,-0.00383831665485562,-0.00741122389896374
2,240,84,0.0508575982599867,0.104727644308511,9.01333654283207e-05,-0.0154387555735578
2,240,85,0.0469942003756766,0.0907315334894798,-0.000544738359160042,-0.00577768224990212
2,240,86,0.0530949386092853,0.100513134779597,-0.00490297151581897,-0.00950149935819604
2,240,87,0.0687438209541811,0.0922824546582553,-0.0044906343319128,-0.00289959987367927
2,240,88,0.0504826461307757,0.093315360027937,-0.00309224774099847,-0.0106620957344714
2,240,89,0.0518864021391782,0.0965743150409541,-0.00596816180637964,-0.0111572928205122
2,240,90,0.0512792361121993,0.10216562494219,-0.0012776715492033,-0.00619623055700993
2,240,91,0.0554895329313265,0.10309105330612,-0.0034652751687283,-0.00101691852327757
2,240,92,0.0541316475069989,0.0911866534779502,0.000978324290657057,0.00263590142360977
2,240,93,0.0575435954977268,0.107423855574719,-0.00109780712031216,-0.0055101194102918
2,240,94,0.0470864623668404,0.0970182356064455,-0.000754389719786473,-0.0164782036360389
2,240,95,0.0543459308884531,0.0983970257707344,-0.0032612096529499,-0.00486135008463733
2,240,96,0.0509336922014366,0.0896300410394254,-0.000529431334376463,-0.00415171094565673
2,240,97,0.0473554744887485,0.0877899135096863,0.000387360064039591,-0.00394509376097967
2,240,98,0.052079873832999,0.095444926253149,-0.00243214910704007,-0.0134610761091337
2,240,99,0.0502238342081103,0.132953286374535,-0.00326067029666283,0.0400243013307084
2,240,100,0.051802119521965,0.0924556086556368,-0.000893668416499073,-0.00395187053384998
3,240,1,0.0763995871858988,0.12258190392357,-0.00567458766464524,-0.00158628165239766
3,240,2,0.077707053851729,0.1330381614094,-0.0113806468229593,-0.0108278026452084
3,240,3,0.0746926998821591,0.139657168233961,-0.00348110427795988,0.0141771909130991
3,240,4,0.120265887347676,0.140711059131705,-0.00493326703734055,0.000532217321760267
3,240,5,0.0735561097862655,0.134308979444748,-0.00365422766254942,0.00105706915856731
3,240,6,0.0711761625929319,0.130488636822015,-0.00142855902748679,-0.00974266115647449
3,240,7,0.0753500117471647,0.12708935209403,-0.00925159733490709,-0.0100565213121959
3,240,8,0.0665161240365586,0.114326765013497,-0.00221410756472431,0.000630084982904932
3,240,9,0.0710228524778089,0.133528646459466,-0.00654315394212705,-0.00214706946672301
3,240,10,0.0648412899018861,0.12924641188367,-0.00646871498066874,-0.0137870980851496
3,240,11,0.0743621416704804,0.130581660019335,-0.00350579524376483,0.00382903797647836
3,240,12,0.0663189941399874,0.129470064214144,-0.00443698223112556,-0.00199240850366697
3,240,13,0.0949866463870611,0.123994979471916,0.00262731041923947,0.00560350529855467
3,240,14,0.0776003258411256,0.133321056117789,-0.0121479532224793,-0.00444132988832396
3,240,15,0.0965928881934553,0.13866610325986,-0.00959219789929217,0.0182697858380641
3,240,16,0.0780611859856721,0.128357555031022,-0.00520535331232964,-0.013175806046286
3,240,17,0.0775581171054127,0.125055720535684,-0.00429397981519761,-0.00481051416022868
3,240,18,0.0790955209064346,0.131767735067044,-0.00549952306857893,0.000337742920994509
3,240,19,0.0723074649221921,0.118553382945482,-0.00325075773291265,0.00248984213139822
3,240,20,0.0642777125942776,0.120259294636403,0.00132659345924548,0.00312225285027549
3,240,21,0.0753247669348734,0.128687541325341,-0.00890800229995518,-0.00354772983726655
3,240,22,0.0732448456406967,0.135654349864276,-0.00485788179162906,-0.00549737957797135
3,240,23,0.081704323940915,0.130363363289959,-0.0101379256891954,-0.00302848112144978
3,240,24,0.087875528509723,0.119686153317961,-0.00471251884060582,-0.00329187919662259
3,240,25,0.0878553413796834,0.132213244383045,-0.00682208693144131,-0.000744520414554007
3,240,26,0.132536533378208,0.112647738446609,0.010946554356982,0.00112122916704127
3,240,27,0.084804655055298,0.150628787520775,-0.00382388088661323,-0.0296654905446273
3,240,28,0.0809307725013097,0.123633259263808,-0.00356585342816992,-0.00244023049120499
3,240,29,0.0754141903395242,0.118435332479042,-0.00345987993977201,-0.00302380854096408
3,240,30,0.0725631110727726,0.121770907710266,-0.0057171064578012,-0.00528502646696863
3,240,31,0.0627873997269328,0.124666345089375,0.0006839072949874,0.00548757130461284
3,240,32,0.0626780600266056,0.124140487101327,-0.00350802073807754,-0.00393555900011232
3,240,33,0.0667979160961781,0.127649192394895,-0.00354948910157345,0.000995806004866205
3,240,34,0.0659141339574599,0.127145841239174,-0.00663466395315915,0.00034856608423179
3,240,35,0.0663267040606085,0.127839257648554,0.000348250285194417,0.00466748327536194
3,240,36,0.077074101272103,0.140042948924669,-0.00182587958061887,0.0133601234463927
3,240,37,0.0876963335069655,0.138882285897585,-0.00315239186562026,0.0107859662361334
3,240,38,0.0728171079127299,0.128450463955458,-0.00382516172907833,-0.00514115850605334
3,240,39,0.0714791213718891,0.137722424843029,0.0011479799282737,0.012220961674921
3,240,40,0.0572396561032346,0.10669303153743,-0.00249492692077802,-0.00196208700909508
3,240,41,0.0678907371718912,0.108785590451287,-0.00382463217919865,-0.00632939002430326
3,240,42,0.0887478115592765,0.141152531177451,-0.0114280922320807,-0.0123899396947861
3,240,43,0.0591475462568955,0.117980748006523,9.1289778872282e-05,0.00172966120618122
3,240,44,0.0701289702180463,0.118313223606106,-0.00225872350590671,-0.0021369611948635
3,240,45,0.0657057964354035,0.124884534483271,-0.00716923804818582,-0.0123287924377612
3,240,46,0.064063685484646,0.118980555996461,-0.00436268161638232,0.000881189099879204
3,240,47,0.0670814759982477,0.129321062276514,-0.00393694956514665,0.00373350049767231
3,240,48,0.0636224225266225,0.112406924040221,-0.00614632446616689,-0.00567790809249079
3,240,49,0.0740890313102334,0.129122527239352,-0.00389108952709677,-0.0034811962274009
3,240,50,0.0633121597267638,0.114540597895566,-0.00471058216384902,-0.0057897758057158
3,240,51,0.0922560934353265,0.281177183205951,-0.00190180932995744,0.171253485890856
3,240,52,0.0924903699319673,0.158759745821277,-0.00288153050114013,0.00821437255801632
3,240,53,0.0713393205153484,0.12852112791823,-0.000193297517097704,-0.00153814287027334
3,240,54,0.0895297912805958,0.11926684926259,-0.00266141827941169,-0.00554624141802197
3,240,55,0.0636491482916439,0.137805892454078,-0.000362774843311104,0.00965123584749388
3,240,56,0.0703986335076993,0.120192045327515,-0.00292234418233474,-0.00179400857744413
3,240,57,0.0763580333128813,0.143955538722725,-0.00684197445136347,-0.0200963341860074
3,240,58,0.0760466376715008,0.123280185924655,-0.0114336722762823,-0.0126141050655892
3,240,59,0.0917715925018214,0.123425211952341,-0.00700239002847223,-0.0177121108768623
3,240,60,0.0583783062629641,0.109551486292035,-0.00345029787324831,-0.00511284114114614
3,240,61,0.0849933739004203,0.118602640472308,-0.0110587020869505,-0.00858871579790463
3,240,62,0.0839039044376167,0.144526042669445,-0.00937467475837873,0.0086130438577476
3,240,63,0.0626583714495945,0.108356686670789,-0.00390039217583229,-0.00322837666063128
3,240,64,0.0626300211143815,0.121715774155192,-0.000872242107533682,-0.00417926224871489
3,240,65,0.0726696923688277,0.12456058648776,-0.0100420088043924,-0.0154658885102872
3,240,66,0.081547359823702,0.129127039938694,-0.000394906810784929,0.00238529103272087
3,240,67,0.0627298510657747,0.118622711696056,-0.00301116251447948,-0.00104169001413318
3,240,68,0.0782017583311258,0.133909158803386,-0.00480831101077242,-0.00070127437450843
3,240,69,0.0654822521525084,0.119628099747035,-0.00447579624404479,-0.00165042150766822
3,240,70,0.0654151014018386,0.126123362290964,-0.00283186121320985,-0.00353134608051535
3,240,71,0.0630494148384675,0.113214920870622,-0.00209790620945119,0.000817104716922912
3,240,72,0.0815619464887041,0.133325602816792,-0.00520731303381702,-0.00121842032639847
3,240,73,0.101791977183243,0.146214714753027,-0.0102169177835808,-0.0257018796740065
3,240,74,0.0686072591419583,0.120816237625872,-0.00561656518941845,0.00118745731404088
3,240,75,0.0629229505079322,0.125362614418793,-0.00304455223373322,-0.00027941673622402
3,240,76,0.0674043541968036,0.128337688307994,-0.00475769656061622,-0.000406517157038509
3,240,77,0.0797569054706586,0.139639716776562,-0.00447873723225463,0.00183598813888566
3,240,78,0.0738184721689462,0.1308038073189,0.00374695437400616,9.42658632892999e-06
3,240,79,0.092040255951761,0.129578727938506,-0.0100068921094116,-0.00236036540099047
3,240,80,0.0942982090461053,0.145191594700813,-0.00844324761534047,-0.00353992550354112
3,240,81,0.129960315525747,0.123370754850046,0.0145411541816363,-0.0062719804815688
3,240,82,0.0789139701713005,0.124035485572906,0.00219503291415439,0.00620200057708765
3,240,83,0.0766984753487237,0.135817342263354,-0.00397787185561352,-0.0124806367651882
3,240,84,0.0735210254777527,0.130026824254711,-0.00546554804720511,0.000992604978289237
3,240,85,0.0680783475537256,0.147098968972569,0.00235745701527617,-0.015524345920714
3,240,86,0.0891862629245054,0.217278736065549,-0.00475389738457686,-0.0529770649196844
3,240,87,0.0740961421273488,0.124974417787609,-0.01161207681186,-0.00277700905142786
3,240,88,0.0687380959159003,0.120552996509447,-0.00176233761068893,-0.00387982190916044
3,240,89,0.0691829739333129,0.137109787092825,-0.00555100859259333,-0.00342296699262128
3,240,90,0.0683800449603148,0.118895967405615,-0.0081678660585916,-0.00312458172247603
3,240,91,0.0680532821833205,0.120891726431475,-0.00696371192703168,-0.00744797827722279
3,240,92,0.0604818650602026,0.119508831908176,-0.00346140336571165,-0.00908725397135429
3,240,93,0.0615999601741291,0.119312311589903,-0.00296350236229748,-0.000283254047197333
3,240,94,0.0998229252911258,0.175905182510046,0.000815246323835437,-0.0251290576993707
3,240,95,0.0815983751085597,0.133641705001688,-0.00938417176014084,-0.00842489148661443
3,240,96,0.0597900390274216,0.10814602497795,-0.0104319092290485,-0.0120856471191424
3,240,97,0.0833937160731213,0.138828813546638,-0.00823872304154273,-0.0125302551239075
3,240,98,0.0741379469296907,0.122326754776305,-0.000791528276909105,0.00125388751957661
3,240,99,0.0686174918690931,0.135830814292373,-0.00808258731142104,-0.00286403561787425
3,240,100,0.0730742995120493,0.141499759380772,-0.00142289042910176,-0.0160174930693376
4,240,1,0.0776949903205942,0.122106517652617,-0.00287627826273065,-0.0123201319965803
4,240,2,0.071383840203368,0.123663599451939,-0.00361423834216876,-0.0104549057424831
4,240,3,0.0796193649283698,0.129327786961961,-0.00381973515580672,-0.0158843666783711
4,240,4,0.0800167260906164,0.130006090056202,-0.0059004927596952,-0.0178518064365888
4,240,5,0.0739509368479306,0.125891392366053,-0.00302360278527738,-0.0141117542972867
4,240,6,0.087516889912067,0.132454375474952,-0.00539260877378829,-0.0175560653300163
4,240,7,0.0688173862153112,0.128571840557804,-0.00182778468323893,-0.0105444459980962
4,240,8,0.0734011486912905,0.127537591363544,-0.00484895316555853,-0.0128610452676646
4,240,9,0.0751208079329217,0.126271189231859,-0.00348764160209276,-0.015566761477655
4,240,10,0.0765468627777127,0.208246212443552,-0.00257252120507762,-0.0595865335299539
4,240,11,0.076544494937466,0.125382952985957,0.000241901108612391,-0.00905643718106497
4,240,12,0.0759297594705383,0.12533327546207,-0.0103616948123493,-0.0163495654313632
4,240,13,0.0724648226741226,0.131291603051412,-0.00920553279455066,-0.0183833119814595
4,240,14,0.0726348341684553,0.118655257464393,-0.00520705339668273,-0.00907030423509441
4,240,15,0.0737942686344032,0.126362509518039,-0.00562734873536674,-0.0162320640378893
4,240,16,0.0749077467894588,0.126072188533791,-0.00194897253819819,-0.00999163543472196
4,240,17,0.0705540295616447,0.129335036868426,-0.00157830593938334,-0.0117550812253671
4,240,18,0.0738561339361151,0.126421383720544,-0.00235066483077559,-0.00961119746421143
4,240,19,0.0695595220611721,0.124148189906426,-0.00713125344805146,-0.0159003099423697
4,240,20,0.0761718972180915,0.135186087938898,-0.00666027993481921,-0.0212428404175183
4,240,21,0.074840932032197,0.12826439819894,-0.00414053479093307,-0.0147083549232344
4,240,22,0.0726944763856104,0.125441612087745,-0.00378686309672884,-0.0139485470624298
4,240,23,0.0696172968959053,0.121602549242351,-0.00255450123259495,-0.0117986202635088
4,240,24,0.0684930024141694,0.119624504126509,-0.000363515292595191,-0.00866286517540907
4,240,25,0.0630805746429138,0.121953836830111,-0.00342244614446459,-0.0120229845712609
4,240,26,0.0688441246113275,0.129732602560869,-0.00413137624379295,-0.0218105661691223
4,240,27,0.0728841452326032,0.122940706888214,-0.0034693595106078,-0.010731936894245
4,240,28,0.071330709551988,0.123687061993375,-0.00670435115435358,-0.0181986794625015
4,240,29,0.0758403789670039,0.140585625630388,-0.00473480956980058,-0.0263276259611412
4,240,30,0.085126411783197,0.12040914616107,0.00289963362816745,-0.00749705932156226
4,240,31,0.0832173811123133,0.12888114886789,-0.00813015943629483,-0.0183267643710003
4,240,32,0.0743631274568244,0.124254620168738,-0.0068223786436648,-0.0166064222287459
4,240,33,0.0808648961975019,0.121567113593417,-0.00538202607511172,-0.0148675399935616
4,240,34,0.0761829711607541,0.125596670409001,-0.00478797954526475,-0.0151599218677838
4,240,35,0.0754112082771221,0.122300634577122,-0.00565029096775002,-0.0144089180989017
4,240,36,0.0784771234426294,0.132031500653821,-0.00413537678599358,-0.0156778844898503
4,240,37,0.0829515219373152,0.127042299978194,-0.004049394659086,-0.0140158243775728
4,240,38,0.0690652030090231,0.126578360293181,-0.0047094620433509,-0.0112731675544204
4,240,39,0.0806300002160468,0.128997438577759,-0.00776271701238804,-0.014655003612956
4,240,40,0.0785583343105531,0.129422636855684,-0.00294941115152229,-0.0139556585879161
4,240,41,0.0873445375022314,0.119897059000479,-0.0021255507911255,-0.010385655333687
4,240,42,0.0774146496409111,0.127374272086832,-0.00122761108625465,-0.0136270406392858
4,240,43,0.0798661965017602,0.120894879809726,-0.00531937742852948,-0.0103492859877475
4,240,44,0.0755269343730184,0.122356550097629,-0.00576229200855017,-0.0120616796318958
4,240,45,0.0759729275874819,0.125198464596891,-0.00620932087057794,-0.0156448963197808
4,240,46,0.0701341313967174,0.12299724032035,-0.000163126555422179,-0.0100674663146612
4,240,47,0.0765036507654836,0.124086346966981,-0.00403235212879223,-0.0134969084139954
4,240,48,0.0834131986763571,0.140661256804969,-0.00819496445206979,-0.0220659461188431
4,240,49,0.0769959391767145,0.126311106137766,-0.00347416226706866,-0.0139768377557084
4,240,50,0.0739741432226985,0.125763339535785,-0.00325650414672658,-0.0154664851307467
4,240,51,0.0788901758226632,0.126066964219346,-0.00871387527204375,-0.0196469381790369
4,240,52,0.082076956935581,0.132922909834473,-0.008441283173084,-0.0191200220292632
4,240,53,0.0722671362912485,0.128410387103006,-0.00317831683520632,-0.0134218653591093
4,240,54,0.0691190744872699,0.120075057091158,-0.00728531264824204,-0.0126677792149957
4,240,55,0.0726474037752676,0.12774044883261,-0.00323744038663907,-0.0149275139594909
4,240,56,0.0713167238412312,0.124229340267852,-0.00397475338351908,-0.0135740416114685
4,240,57,0.0763955473506912,0.126754313376893,-0.0066324736932517,-0.0165476901652686
4,240,58,0.0667698909366641,0.118601137614309,-0.00150691243596442,-0.0103805553481999
4,240,59,0.0724881722828922,0.127587997278324,-0.00442957439094722,-0.012995553246716
4,240,60,0.0641723355748488,0.141774806088736,-0.0042105213146942,-0.0284154736056385
4,240,61,0.0781961698534063,0.132702684407246,-0.00520254943517049,-0.0157889969022958
4,240,62,0.073251232753164,0.130061916835518,-0.00545748897271759,-0.0158165569330519
4,240,63,0.0735683214145696,0.132137404920782,-0.00554906054054354,-0.0156905340431852
4,240,64,0.0716467971647098,0.132796756337201,-0.00448197091748893,-0.0153057919146879
4,240,65,0.0708210600819156,0.122479283718189,-0.00340519592729768,-0.010146215077431
4,240,66,0.0808144231261959,0.125575315902818,-0.00048095578809379,-0.0124112277241377
4,240,67,0.092159977483553,0.124559280279067,-0.00273183850051474,-0.00656476530783747
4,240,68,0.0682801402596322,0.120482738041922,-0.00529822818372452,-0.0174924224187514
4,240,69,0.0711207444441147,0.119515872829121,-0.00436391354190795,-0.0120985058074591
4,240,70,0.0739840790859836,0.125863598698016,-0.00663294131528709,-0.017874094491765
4,240,71,0.0805579123212645,0.132158865674377,-0.00833965826231803,-0.00776883410768371
4,240,72,0.0712458712203279,0.15075353771216,-0.00237964983348418,-0.0261547304942273
4,240,73,0.0692171703773681,0.121725789982551,-0.00535276825976144,-0.0135855224604545
4,240,74,0.069921716332683,0.12882506947931,-0.00539701246100342,-0.0178145291283979
4,240,75,0.07679610264158,0.126193935030654,-0.0034419222148603,-0.0112826304664506
4,240,76,0.0795678623994266,0.124118824398128,-0.00414681843393133,-0.0136882982717479
4,240,77,0.0828773760331414,0.134134645177028,-0.00856420356285496,-0.0214481877600699
4,240,78,0.0723281751344514,0.126005228277394,-0.00727752370263127,-0.0169996657943285
4,240,79,0.0744132383953416,0.128359135188524,-0.00860109415991038,-0.020066763313652
4,240,80,0.0763381265498315,0.131264100947817,-0.00681439246758007,-0.0135943323464957
4,240,81,0.0711277131238463,0.117184017961621,0.00135887131762396,-0.00666831809137162
4,240,82,0.07170282990857,0.126785195802846,-0.00319384153405657,-0.0131160353684439
4,240,83,0.0733540916205378,0.130321811818779,-0.00665189648128728,-0.0167246313216696
4,240,84,0.0779427175908788,0.128523558150679,-0.00247631237664364,-0.0140543907310718
4,240,85,0.0780223596389502,0.126000685392923,-0.00584233314280357,-0.0152117813180839
4,240,86,0.0759163844513691,0.135799332364099,-0.00452699861006246,-0.0215614206217607
4,240,87,0.0922932560527067,0.128813066149152,0.000173121181780158,-0.0142654331784763
4,240,88,0.0749428206134446,0.131803307872275,-0.00696238726593636,-0.0194482737294663
4,240,89,0.0712589839989792,0.114007172822859,-0.00299661503669166,-0.00873254633846781
4,240,90,0.0824214557789166,0.125256246681857,-0.00593995711914114,-0.0146602290131288
4,240,91,0.074327483741118,0.126790410365063,-0.0061108653095461,-0.0145452239425173
4,240,92,0.0817777363111816,0.131385350262416,-0.00332312940270619,-0.016354254867184
4,240,93,0.0766072495723138,0.125683724098337,-0.00410927525218693,-0.0170450253898831
4,240,94,0.0725179373608295,0.122854572181824,-0.00430315733355213,-0.0112744783326306
4,240,95,0.0728015931484537,0.122907312734279,-0.00279320192850404,-0.00823114594835055
4,240,96,0.0815046943912593,0.12501243769653,-0.00792935381743811,-0.0181980619890101
4,240,97,0.072874158654609,0.126155519379001,-0.00693478793287558,-0.017096126382329
4,240,98,0.0737998881751894,0.127923880232764,-0.00427632717664937,-0.014931191795549
4,240,99,0.0733719829847831,0.130507299376561,-0.00801317881424038,-0.00183041446592945
4,240,100,0.0784296222544468,0.130753167673745,-0.00502762480493726,-0.0155227563035712
